,150,151,152,153,154,155,156,157,158,159,160,161,162,163,164,165,166,167,168,169,170,171,172,173,174,175,176,177,178,179,180,181,182,183,184,185,186,187,188,189,190,191,192,193,194,195,196,197,198,199,200,201,202,203,204,205,206,207,208,209,210,211,212,213,214,215,216,217,218,219,220,221,222,223,224,225,226,227,228,229,230,231,232,233,234,235,236,237,238,239,240,241,242,243,244,245,246,247,248,249
25,0.5248725173109752,0.5249863471407155,0.5303869629154471,0.5601269025975192,0.5675578492447084,0.5876724218885486,0.5936549648714587,0.5835332613117069,0.5740084403692429,0.5791442683313118,0.5797793144123288,0.6184252086675703,0.5870154945283056,0.580587779137933,0.5653630821226481,0.5515736276611276,0.5477786399860473,0.564694693161737,0.5585154146838619,0.5480899514341614,0.5404422137425184,0.5396972553003703,0.5360694157434555,0.5250229551876009,0.5093187277000305,0.503709976382173,0.5550553825552563,0.5650431203517362,0.5580311922322739,0.5639597775646668,0.574316265350606,0.5668727281955357,0.5972844781426234,0.5863891466044118,0.5822588431894464,0.5599499728774537,0.5558326682542988,0.5647785104389129,0.5639966490350751,0.5690421506465921,0.566976247625785,0.549778766678926,0.5437083616144704,0.546161576512395,0.5660195498101664,0.5787333290425402,0.5737361511134663,0.5759445854849063,0.5681166245233102,0.5611952905597238,0.5671029479843431,0.5787153200514937,0.5735787155406056,0.5773977256701667,0.5772212334794836,0.5858314946019632,0.5872552369519422,0.5760700278022901,0.5889763734005472,0.5865172541300477,0.59072683923066,0.5894688776613067,0.569157891288719,0.5695798228546249,0.5888827285728679,0.591924046764991,0.6005702734263266,0.6134073167042521,0.6035713092874619,0.6161698902205519,0.6163014616479217,0.6136993031439504,0.6157428268338458,0.6509419085559829,0.6468442239099845,0.6570471653114186,0.6609513677781992,0.6552461530195013,0.6648834498649261,0.663357176343046,0.6594597542244994,0.6532902633156381,0.6475389215001883,0.6555908135879583,0.6364912405960715,0.652785509474443,0.649222187372652,0.6478886508782664,0.642854037149384,0.6597914101764396,0.6778082540026026,0.7009061497198247,0.6891445370958237,0.6864222516230971,0.6610753536797417,0.6559701077215585,0.6271935866602549,0.6245317064116549,0.6033872658503502,0.581706907863857
26,0.5270035158481412,0.5322058112171657,0.5380324878774512,0.5546422292444887,0.5492991581058969,0.5408171843679698,0.5459152133559902,0.5611481312037525,0.560069750463362,0.586796122014785,0.586577534471028,0.6310554326349422,0.5955574963410266,0.5887118201605757,0.5845806141830293,0.5769697620998356,0.5412605621628964,0.5311910943727625,0.5313210403621579,0.5169911443196513,0.532598982416523,0.5356838649977643,0.5296566658100259,0.5313526121739143,0.5469371282441013,0.5330726480205229,0.5216886130038267,0.5359326943208715,0.529404255142636,0.5288503959414783,0.5340865011096659,0.581756208355481,0.576871391533938,0.5610097710863945,0.5533281473433355,0.5436679094039956,0.5549614199045135,0.563815772688871,0.5613217086532417,0.5610327442205124,0.5560973887194087,0.545978614074559,0.5584284287555938,0.5710681884836216,0.5793189017623668,0.5799233977653798,0.5905547614487179,0.5944313308248047,0.581579665361095,0.5603816867732806,0.5690796498228825,0.5663246767284964,0.5672041415377886,0.5751450953437127,0.5791218551985198,0.5812774605174347,0.5922998771645906,0.6028226540558338,0.6015203120141517,0.6199139234709222,0.6155731092036948,0.592640580304774,0.5925711400123786,0.5946264569122175,0.5956080529598938,0.6152384554174617,0.6082791109364976,0.603199636528702,0.6152784391770328,0.6304950741185856,0.6321559079339397,0.6340733460600921,0.640275964627787,0.6427160332097466,0.6560289518147514,0.669906527098916,0.6714186829987501,0.6773261066351616,0.6819611309320978,0.6721807295116015,0.682757549569472,0.656344855185525,0.6608469311726188,0.6592488771451397,0.6519002089375433,0.6519017015303558,0.6477020261405241,0.6611250900449851,0.6544996577507425,0.6588908693055119,0.6660185807591125,0.675956971519821,0.6625355526345323,0.6497076130856397,0.6460325336803092,0.6529598052166552,0.6496663507917108,0.6373653249823799,0.6217448212154038,0.6124479427972581
27,0.5283638068469217,0.5215510823223143,0.525744097989528,0.5378813404798067,0.5389577715955067,0.5564887074719458,0.5438816787144376,0.527026264426961,0.5374092702462592,0.5639226622989472,0.5757345913940691,0.6095880115997265,0.5830504679579115,0.5669543216907095,0.5532344260939693,0.5461791408715208,0.5523074622852674,0.5712654248003902,0.5786176451092043,0.5788995254994576,0.5937834767131667,0.5664329199337947,0.5596596943823698,0.5318991900284153,0.5266853782243058,0.5360918987292121,0.5298843636233832,0.5311255003401549,0.522253864373206,0.5141106667622272,0.506528737194347,0.5034994724961797,0.5142746770882202,0.529058885763455,0.5146572942777982,0.5058849231127961,0.5119903523322618,0.5650857533524665,0.5538972880024767,0.5605488734924068,0.5593356699218633,0.5439044987463769,0.5592685267409011,0.5715094524608516,0.5982125733854617,0.5872269496312744,0.5950242497695142,0.5822104466898275,0.5824596191653785,0.6030938491852129,0.6226760017093209,0.6180304906034543,0.6111155349426189,0.6157396386135482,0.6127751459938067,0.6088835873614343,0.6190526041521863,0.6323393624174852,0.6282709015940761,0.6239856356974968,0.6193283385440984,0.6198709972433535,0.6274586622288135,0.6059363877792293,0.615673966417712,0.6026189001494394,0.5983025159393638,0.6103836311015558,0.6022653357900521,0.6182596990342716,0.6291164373859549,0.6208066248836449,0.6169412308610395,0.6256454471281182,0.6237769565675503,0.6421379321925708,0.6485644586956207,0.6424118020587691,0.63439303421433,0.6474167408949391,0.6307588844123566,0.6213216755410705,0.618087631118957,0.6270084822986093,0.6398523157463328,0.6418287553858253,0.647671602586587,0.6517461566693326,0.641637950756264,0.6499305127834633,0.6463839228081875,0.6725158177584903,0.6615930617932695,0.6691739330959892,0.6740373549797614,0.6672852108620237,0.6559043650988587,0.6348385355735574,0.626927936424759,0.6041272375807377
28,0.5196161751391105,0.5206392961593204,0.5272336547076655,0.5455625656843549,0.5394539215867844,0.5555026594188694,0.5433006808175835,0.5342190382925606,0.5567749432187079,0.5741270878407043,0.585973167539584,0.6105418303028266,0.5742995939677429,0.5844720811554232,0.5682562468675223,0.5737663867972548,0.5787293453995406,0.574031933342322,0.5573786541177267,0.5521422725720212,0.5669659468218898,0.5688736319284591,0.565819679360915,0.5456546296025058,0.5488371786574053,0.5303046496341967,0.540485737423407,0.5360517783814329,0.5329354172052077,0.5242143979975891,0.526893843167781,0.5220559920249721,0.5249663128885477,0.519914096735607,0.5157388949367882,0.5034222899407269,0.516955219530505,0.521138753686647,0.5279661887154316,0.5398770180866038,0.5354466363392762,0.5180106771292455,0.5260696348724476,0.5339922462761385,0.5388761256817602,0.6059255951747005,0.6105616958942438,0.5979944388410101,0.6004037630638935,0.6029003542307826,0.6120103027777808,0.6216287983036026,0.610082661845637,0.6136708355693646,0.6197459597339378,0.6120943729715143,0.5990788057012373,0.601103211725034,0.5910241752875416,0.5989145015952035,0.62035428330744,0.6002567858845703,0.583482646368255,0.6057669386376345,0.6097693624583993,0.6168211321242479,0.6104471414584134,0.6144387155552945,0.6057054926232156,0.608592615090114,0.6039062831827051,0.5879684515435474,0.6017556859634144,0.591230686069295,0.5917924791447772,0.5980297584584933,0.6156694722032688,0.6211515031809003,0.6101573078882996,0.6113259716147738,0.6107316987168446,0.6063839447317552,0.5963019318528742,0.6019124152293976,0.6003901350930182,0.6104646426214907,0.6072757229222968,0.6147853277845775,0.6172627686962403,0.6198247113697202,0.6275642050585513,0.6498964890570155,0.6627313824372356,0.6493558354618115,0.6492329824477413,0.6584390249429738,0.6000912118690924,0.594306188470941,0.5589303334982483,0.5537436053594056
29,0.4858059846442434,0.4995176216216321,0.5045631647292627,0.5317252556676544,0.5495940162656348,0.5498688267152034,0.5725813532646135,0.5685851940534521,0.5800691330903149,0.6056702800281221,0.5916200905238258,0.621684843860399,0.576633010291841,0.5732179077731843,0.5686404342623599,0.5611196771053181,0.5631280502385551,0.5690829311496701,0.5585241878866575,0.5679041152508869,0.580051162399113,0.595889073008123,0.5850610706055828,0.570969026852759,0.5818167442955829,0.5563910848811077,0.5637372492666433,0.552409663173261,0.5425575802667941,0.5625913848439641,0.5867414977545958,0.5749180668301529,0.5665290419326807,0.5736756141162166,0.560357012434774,0.5433734081572736,0.560041632558625,0.5747443476082097,0.5652954473377568,0.5417958800462802,0.536922535514011,0.5426558922739116,0.5557001521673781,0.5596791746653567,0.5667050594536298,0.5619203450045591,0.5696292200939278,0.5582950497948133,0.5530728378024974,0.5331208041172439,0.5356037125682488,0.5302732481397447,0.5226453306513383,0.5691212727349904,0.5761955472815964,0.5731650485454517,0.5652394440238907,0.5736086937129091,0.5720693446540924,0.5740858587301876,0.5821830889163639,0.5803362743154921,0.5791124151823681,0.588438215056653,0.5878325212826961,0.5799613866747174,0.5785391215249812,0.5810391901695737,0.5748952542145458,0.587382905909841,0.5911822123784305,0.5967653339248596,0.5964203593321357,0.6078006651854558,0.590334677060016,0.5952116262270739,0.6109242846277568,0.6066559603356884,0.6083856245589502,0.5990137032506296,0.6054471428094522,0.590732767767039,0.590101829387088,0.5966876952128702,0.5965430703198995,0.5920823589662927,0.5847558397209707,0.5923844457955134,0.5950182221026034,0.5975600029779853,0.5929318816676391,0.5553463740321696,0.549160603529445,0.5430720279510015,0.5480900665077929,0.5574229610178011,0.5542165108836107,0.5467635045978642,0.5370716124977627,0.53399344942886
30,0.5027947479968863,0.49657029282643567,0.5136087134182882,0.5337652090410945,0.5565208107076841,0.5643747424175319,0.5583776744032815,0.533947070782375,0.5397299511827037,0.5521902355385753,0.565769084785603,0.6044788686131514,0.6075486902841236,0.6111150184471222,0.5946712709456969,0.5909543394569817,0.5900582491990423,0.6163640932362014,0.6198945927426487,0.6084693204666585,0.605938294658436,0.6181632537881208,0.6193072773302372,0.6013106303880158,0.5932075950744824,0.6054160644299185,0.5976931013141306,0.6017358244984143,0.5824668328995098,0.5722996746594349,0.5653678295323281,0.5600493032904008,0.5676160870270024,0.5649322348839348,0.5542068026210267,0.5522560799309959,0.550806383454398,0.5507140995782325,0.5796424256350884,0.5674281768967072,0.5389633551533384,0.541186534208015,0.5453129964449606,0.5491989870003763,0.5450949167507485,0.5419752693978915,0.5209569870446599,0.5189503637836875,0.5232932556667863,0.5128411188575336,0.5107789642360627,0.5074799592568147,0.510227856671908,0.5096183965061942,0.4870804659429786,0.5065110376538661,0.5032659916088296,0.49357446406807204,0.49179218956285975,0.5010753836588476,0.5075641739845326,0.5612080692545866,0.573735545345257,0.5704500626567349,0.5764005705090477,0.5746245009795008,0.5753408960289167,0.5766699334165174,0.573426485024418,0.5739523321872848,0.5884990067375179,0.5790146217901809,0.579569895235463,0.5865785987236755,0.5846944860118976,0.5904908681873614,0.5992661489717712,0.5952387714299199,0.6007394285730514,0.6054120027862854,0.6014307192699352,0.5836464067080785,0.5714720861855932,0.5852782830458967,0.5712568577567674,0.57868843553842,0.5346157663837313,0.5333896128883794,0.5192949172917806,0.5248090256017315,0.5311224348755559,0.5534734273002733,0.544790139114071,0.5420411920198902,0.5363068234978742,0.5365820956584308,0.5272035144663237,0.523555390515523,0.514785758240851,0.5165079933596209
31,0.5015508514627451,0.5055278190418754,0.5255557013951202,0.5321287503116104,0.5595646296942706,0.5623651395448112,0.5441911684097622,0.5337515075730075,0.5332565182810034,0.5539761224983034,0.561815103825191,0.6165873214312145,0.6065174095527036,0.5935193012421105,0.583650116634091,0.5839608023240331,0.5975835886681093,0.6418869189403237,0.6441891213646399,0.6284079396333857,0.655712073684779,0.6248581847623659,0.6219498685621317,0.607556578378559,0.6063845862597257,0.6017054435361219,0.6044201013495961,0.5970468901543279,0.573668231520229,0.5687220389940364,0.5645439786218022,0.5515507629536811,0.5474711909066019,0.5491953291690551,0.546036849231294,0.5453031068357864,0.5501291212761031,0.5568559669252058,0.5366552042280196,0.5312961128954851,0.5178803656106203,0.5158751886076401,0.5129127480199174,0.5316110527367074,0.5279237846359909,0.539025060137056,0.5295461673034227,0.5327512766182536,0.5232426956442594,0.5129260030833116,0.5104239604307775,0.4903596928039119,0.49427956465461387,0.48094150319996365,0.46482633175317434,0.46742525443118543,0.465938664602943,0.48161449586002364,0.4895735710597299,0.4884115666229199,0.50556156311316,0.5141162882159799,0.5063900297539393,0.5043778476058361,0.5059874639735464,0.511409894478486,0.49846195929938525,0.5547720632766504,0.5458002772232707,0.5546695127168357,0.5715593807963845,0.5650681479488221,0.5613509929716961,0.5748844584904494,0.5654529815528405,0.5637668598872356,0.5784062914684573,0.5825664619827149,0.5830310773230967,0.5851451917032485,0.5833389496506746,0.5777604730897747,0.5152951627794489,0.5171638284436633,0.5215240817635589,0.5201132480838684,0.5165595872942405,0.5196414453041127,0.5129217441623928,0.5051335053305952,0.5067142799047563,0.521591861797136,0.5152222509125226,0.5186135630142691,0.5166046934237157,0.5297750610794001,0.5109726209713604,0.5156351007031297,0.5076228190985008,0.5087174369766209
32,0.4940723677954282,0.48832359679874976,0.5082161830833162,0.5203494031717631,0.5388056774135688,0.5465374240244423,0.54266015579222,0.5226247841587397,0.5608547687563328,0.5743493026565657,0.585370868709863,0.6344382395433917,0.6173000963991236,0.6109779932642717,0.6053909135712255,0.5962104760866187,0.5882970819061387,0.6133271450477414,0.6071280417627795,0.596624332417834,0.609974508064503,0.6072240417978307,0.5965926865675515,0.5828647954891719,0.5800407943900329,0.5712444183982595,0.5826177299114241,0.5639004148786656,0.5513991692465631,0.5330857560861755,0.525909462537689,0.5224655019748337,0.5380094531403895,0.5334447353186166,0.5261109443302752,0.5212364397696029,0.5224503320519778,0.5331291691957544,0.5389157463586206,0.5279866923648399,0.5102726622837863,0.5020344031196617,0.5069352185542216,0.5071230206545342,0.5019983518338456,0.5072005042279317,0.5147602733899739,0.5064933031694996,0.49483466199550447,0.47017868190877354,0.4716222605386134,0.46542482264005486,0.46715147873844676,0.4485631554338013,0.45000661800064057,0.45183587639058276,0.4512993218790511,0.465733686691666,0.4668706114823252,0.4897813225998887,0.4790783190563646,0.4739512047456346,0.46536390876267836,0.4737517254829439,0.4871672684526587,0.4897765259629504,0.4876542462596498,0.48989590104209096,0.4956837968676931,0.5071370339784881,0.5000487184842926,0.4995758683731184,0.4974803106467505,0.5110936308484518,0.5160602605344919,0.5110072947377754,0.514225907286852,0.5250503804586155,0.530736604819132,0.5302986720772629,0.5307589044254231,0.516411497842413,0.5074955512725118,0.5073192173380152,0.507711131059842,0.5097904651302128,0.5006792007280095,0.5092981154513999,0.50211607917483,0.49789663580629145,0.5085086183420557,0.5171511997589581,0.502837309671488,0.5009900786548919,0.5106094872444373,0.5284907531372832,0.5091223371685167,0.5061044350817895,0.5032648273676217,0.48528753551856607
33,0.48010620436892004,0.4844009815598908,0.5049643395576111,0.5207716846622095,0.5107656232441007,0.5399089702252879,0.5411645075028696,0.5461241889399582,0.5629325531302699,0.6001102575688115,0.5928687225842563,0.6335376875406745,0.6132061639816067,0.5998177024277099,0.6062237324986304,0.5923560367054685,0.5891933753193016,0.5939739156565491,0.593254250752298,0.5675775088366545,0.5636070030673549,0.5642350752447522,0.5647346920136612,0.5523754310347828,0.5594957441265874,0.5579694261975308,0.5683126109329584,0.5647249797007086,0.5449003276231245,0.5352032904877566,0.5233950266041034,0.5183649685801489,0.5401302548215781,0.5263494536912491,0.5294583988606665,0.5153707457733298,0.5221826173190278,0.538728044640648,0.5118156534523676,0.5075415734031972,0.5065741254518332,0.4991564777153522,0.49346068209490773,0.48614609045783713,0.4865398232566068,0.48865473983764673,0.4841156144083221,0.484530733286882,0.4536813306577077,0.4493549026968399,0.44291438898820523,0.43878291970964106,0.4404279515498493,0.43474476232979764,0.44641379382756563,0.4479621103121459,0.4426594013831597,0.4590030955609431,0.45829396126214583,0.4670747779386794,0.4663351059348162,0.475134441376767,0.4747395131825972,0.4791439011640067,0.4939578728840122,0.4857182526698089,0.4765548269448822,0.48800319787078317,0.4848489713620046,0.4991663461594573,0.4979444188676952,0.48631043220106035,0.4744468580733078,0.4738593567489902,0.49019693379975016,0.5004956583370783,0.5090441487876137,0.5068487399629844,0.5060309919601151,0.5025446301407209,0.5096745686121513,0.49324793348979523,0.4893382498222077,0.4985424099486953,0.4906581465763846,0.49038042388605674,0.4984750754491709,0.5004443948351669,0.5025689046088558,0.5008165378411271,0.505198714745107,0.5202289814741704,0.5211451736970413,0.5205634656204189,0.5249844962179803,0.5199876848365582,0.5047224290959689,0.48706278500949174,0.481964794069817,0.4782742045734271
34,0.47689340620769477,0.49997219510536817,0.5228261987929074,0.530487080501366,0.5335648763748917,0.5336555093257065,0.5411058392694711,0.5454077619965976,0.5532152605674231,0.5607663663807553,0.5779809517441977,0.597333203435539,0.574854607791366,0.5520465659657063,0.5391464616803188,0.5629792062984407,0.54840102424087,0.5431219357700793,0.5448908238747938,0.5298651224316879,0.5382547731954246,0.549945662061639,0.5618632064521164,0.556544693733953,0.5556657415235441,0.5555408911138459,0.5665160277746082,0.5545921493452279,0.546500017783766,0.5437106798082704,0.5462823866793807,0.5356834082044974,0.5255058661877481,0.5285117707702774,0.5302428195836616,0.5152716707352069,0.5137975561788065,0.5237661467412896,0.5040330776018807,0.48995373494661376,0.49099078551202086,0.4771196982413565,0.4756412363169929,0.47303041443308974,0.477427073680928,0.4615252837693821,0.4565364664816767,0.45001044254085104,0.43055793330636316,0.42937044818210895,0.4417458659209315,0.4408872586017802,0.434916901884133,0.43646479946933503,0.43020737750334564,0.43669483787455954,0.4425885229231883,0.4493625389351809,0.43999463388626225,0.44844260441212824,0.4649298659483707,0.4672226964385606,0.46735386234756493,0.47218642992410975,0.4715376026774031,0.4757770816630541,0.47018700878287417,0.46752341725424806,0.46090790631743,0.4611004040556599,0.4671669948349617,0.4800070675776977,0.47256876260073327,0.4683941446618327,0.483332792443595,0.4856161820359712,0.4896272509580263,0.4981836474761693,0.4962706785526344,0.48849808495268504,0.48022141385059924,0.47831728926228095,0.46975859297145806,0.4808802654830982,0.4732149299075159,0.4742146012166988,0.47452095518372134,0.4760821028251131,0.47485549916313785,0.48799021190587794,0.4953409279649457,0.5220842939876461,0.5160702272282546,0.5155534250352973,0.5104499253107231,0.5232491229213752,0.49430884500820915,0.4935578347827418,0.48407585489560967,0.4828544004580886
35,0.5011478567380355,0.5074090979496383,0.5350917017477789,0.5559108932189533,0.5561817638448898,0.5729895394741653,0.5549961206716116,0.5507240420417027,0.546710744956651,0.5374459040678495,0.5366332853896323,0.5776206621066862,0.5613732938377767,0.5678671088033571,0.5446644124946693,0.5281250282546149,0.5208368088270844,0.5263623606740987,0.5348942333060888,0.5492443726563446,0.536108448044769,0.5404661981573231,0.5594169569192091,0.5605675888196824,0.5616381995236569,0.561541437151876,0.5603027911997763,0.5552225925481971,0.5303385551447639,0.5288879755740791,0.524740645763194,0.5214093226850605,0.5163168575361164,0.5118529734748947,0.5092526546253017,0.5018446869793449,0.5069304257172615,0.5096430679440762,0.5060813485340221,0.5028367842847921,0.49953951226358834,0.48365923881880024,0.47727982899498334,0.46267524477047406,0.4688142398170538,0.4431493276900612,0.4401851948290435,0.43773331086631223,0.43115063244390284,0.4243390167644888,0.4285162180942138,0.4216227808163487,0.42662963407980886,0.4263551020595923,0.4343047291927395,0.4402709125222041,0.43756561561510515,0.43830357993380226,0.43573361282262113,0.43820812466840564,0.4474319965445579,0.44626696488559225,0.4433081753473123,0.44472050428431964,0.4445192285047612,0.46330482376835613,0.45844899781836035,0.46216699653053334,0.45614011404623156,0.45950195767127455,0.46145995691301106,0.4631607694733291,0.4577093919507129,0.45937304171908494,0.4767666936790958,0.47420609301298783,0.49150995936443526,0.5000617797847989,0.49657201202539386,0.4890302318740861,0.4812309445836593,0.48435915351977893,0.4826359287840384,0.48753205062859456,0.4918698776340839,0.4818704016233105,0.4842135386903035,0.49210884590887516,0.4851149956923783,0.48410268272786294,0.48485558967988746,0.5011781436009186,0.4923923632233141,0.49295404618543665,0.5076161532524226,0.5052508920878847,0.49560392730860975,0.4875304346404622,0.4895924318757021,0.49942824350308046
36,0.5508910937028011,0.5424793598835939,0.547595548872148,0.5537783317548768,0.5569319616402121,0.5520064184473558,0.5366342701353273,0.5253731594243447,0.5356550463894563,0.5526562732483079,0.5536983138918429,0.5865162427204778,0.5779727665657056,0.5716064563732408,0.5560182173822305,0.551352108485326,0.5383636028753934,0.5523850691591495,0.5681974778868978,0.5539279895958036,0.5558978231155819,0.5587874091810314,0.5561829949449012,0.5378486575699241,0.5342253663788877,0.535329372905029,0.5137535278799493,0.5004058388272197,0.4958263801706625,0.4916038748084974,0.5000976385317595,0.5031755308404949,0.5067890151450898,0.505686279959531,0.49038117241212653,0.47987667242485493,0.4987423262109447,0.49125949996187107,0.49865895942617094,0.49790050162481164,0.4826273297180861,0.4740961564846919,0.4654152729692759,0.4761249136005642,0.46629075186030483,0.4478581976214755,0.4446611363162961,0.4446336610492978,0.4240763855267582,0.41897823599097994,0.4199335744453747,0.43739380939830463,0.43246877688662494,0.4343777708780761,0.4367919821959692,0.438629881395116,0.4437295981949034,0.4369603216473944,0.4318470764383901,0.4466766226080198,0.45316469098686885,0.44410246051550983,0.44014277032854926,0.4519038606938033,0.45886716745777284,0.45274440670163524,0.4547162974190635,0.4533352544819428,0.4505788590941022,0.4658464536740355,0.4703004084227568,0.47457657844841217,0.47747112653254764,0.46963946069851353,0.47411788493566237,0.47604869240507425,0.48090442913939446,0.4804388269760434,0.47200888842979793,0.4510161457897133,0.45418533656120447,0.45859308359028017,0.4484074000654969,0.46130518400885057,0.4609298501073749,0.4775371672240421,0.47251760744117294,0.47259201884568675,0.46633375715646014,0.47611623762714517,0.48383722573504895,0.5011683941381176,0.4945582818006301,0.4894082113209335,0.48704159805397296,0.4933598721955075,0.49619783202163875,0.4890653956127707,0.49052583016002477,0.48106752204393227
37,0.5573965361076169,0.5569830755979935,0.5595685741223996,0.5383255612764192,0.5514082128047616,0.5409197635503362,0.5280661113309857,0.5125943991387057,0.5130765338332386,0.5395460610135032,0.5528421428121519,0.5765546437453193,0.5591906349994313,0.5528242645918865,0.5629009810019251,0.5588352574724924,0.5372307281075,0.5580523731235038,0.5444888173938416,0.5401079406467886,0.5422107596809368,0.5414206043763423,0.539000973316656,0.5120341187761466,0.5048231517364197,0.4840523643726245,0.4779842869470154,0.4755405498476416,0.4905475492345391,0.47006079970142534,0.46929758351006856,0.4701872029105281,0.4831254382013429,0.4916964852352936,0.4761313253947506,0.47745493740106026,0.49423027683882126,0.4971678507516168,0.48773209519255406,0.49424249668254905,0.4898195556016239,0.4864106837560792,0.47399162345783674,0.47753812780744903,0.4752629755618419,0.47554401870058755,0.4689795287130973,0.4559127013290251,0.44817107654055766,0.4329189858410687,0.4318386682996109,0.4281104872862104,0.42726535942891897,0.42579803111999714,0.44969166204242306,0.46107571914493983,0.4601763297857791,0.46823953029661497,0.45487894644228144,0.4568673732964161,0.4539019012194819,0.45604332594604824,0.44963888710645344,0.4468575783424283,0.453836698614571,0.4601521544426344,0.4485865777299228,0.45496465171726486,0.4550356437832631,0.4801967201914491,0.4827524198077875,0.4658756240844623,0.45774812968357553,0.4608713829298651,0.4510391600113367,0.44609768827294516,0.4536278974222499,0.4666246978800605,0.4682854172901911,0.45907977998810473,0.46526951402834643,0.4561509232116463,0.4534049263214415,0.4558651598589321,0.4490796235056273,0.4488815763630623,0.4523130604279908,0.4718067789396819,0.4814520320307952,0.4987449591272998,0.49386133487561373,0.4993509749913917,0.48250458101140475,0.49122787547634167,0.4851324348199388,0.47845553107406225,0.48588357164610524,0.48112181462114106,0.47852801623650276,0.47701805884407683
38,0.5335355280864187,0.5353565536800047,0.5479364599205624,0.5413853230329743,0.5402920331822673,0.5371660877705272,0.5258106151735751,0.5112170682782449,0.5212169776265874,0.5408126404469661,0.5432978643718231,0.5832162641733344,0.554775954724515,0.5475226549699215,0.5303385941522851,0.528759408086605,0.5394660217951779,0.5500640195045403,0.543009304788045,0.5233895317501874,0.5383818082951124,0.53765290401573,0.5181452069859432,0.4947035966005348,0.48948300378228626,0.4824886055608084,0.49506046923736985,0.49612335799362156,0.47818745903905374,0.4982454028134529,0.4905278766692538,0.46820453205850965,0.4680001454821596,0.47026840163781813,0.47285685601471905,0.46938822800119273,0.47236439593175306,0.4697512287886733,0.47027475742632,0.4786200655219712,0.48151486264232546,0.46652401622036804,0.4692428490650164,0.4768988837962267,0.4784757411577741,0.485381704356455,0.4892141290200993,0.4906654556545209,0.48411234407392895,0.4736471877843591,0.45676203175546115,0.4535279557857667,0.4508659068772984,0.4438067538454504,0.4510145960055728,0.4441761721156031,0.4461919253546424,0.4483447893607124,0.4417199269283052,0.4533793331162913,0.4614316511540582,0.46174891210801183,0.45426134108584487,0.446384347641819,0.4562718119940914,0.4595733327783557,0.44896363374368803,0.45389059525265846,0.4577439558565493,0.4622730455994775,0.4583190358180736,0.4554544866129564,0.4543722192024293,0.4618869313396926,0.44642747839620306,0.4437266776716141,0.4436463428784291,0.44238308705290585,0.4561111924984648,0.4504880012798412,0.45449257043655533,0.4485304427089631,0.4521087154672908,0.45654775654300517,0.4671844004128792,0.45503078730689783,0.442561132510138,0.4458464300180857,0.46056520717517524,0.4729173655545924,0.47209846993654686,0.4992216092931692,0.48319131618813643,0.4829937691231323,0.4834703514277679,0.49372115795560967,0.484110862461488,0.48595614229077394,0.45820027445964645,0.44582256942557735
39,0.506888212632392,0.5044781205836075,0.4972166778394466,0.49558759108387407,0.5122063727265709,0.5051211981487519,0.5267449152556348,0.5118311781784223,0.5389797454192378,0.5290480983508224,0.5358811374823738,0.5652796939139793,0.545100666158179,0.5319280801314521,0.5169850721705639,0.5151738920359021,0.5132241375493172,0.5117403513542127,0.503249340303962,0.4998841497980734,0.5025495620449958,0.4874225022213648,0.4850219336909711,0.48235568732712947,0.49910142650502887,0.49362912890053023,0.49282184397166756,0.49221829964202163,0.4784010828772745,0.4847279296259244,0.4962481711584474,0.48576440012017125,0.48431863342973164,0.48574842469864493,0.46089991982653894,0.4509906032557536,0.4525731477099744,0.45081123176825433,0.45540697104453487,0.4613551678078398,0.4788708535596713,0.4757942601261568,0.4771617943391494,0.4920721254727251,0.4979266863660871,0.48553659713069364,0.48371056338693896,0.47110485929543167,0.46412218706981784,0.4552813021513247,0.4579567157530281,0.4565593708051142,0.442538293978248,0.434193351748321,0.4402177285682358,0.43528671455379087,0.44090013365173214,0.4509621775305587,0.4404661135332892,0.4506850997755828,0.4635243355700539,0.4640815687541169,0.4447552482058683,0.45105061914837663,0.46589931653972666,0.45931968470239787,0.45289917451325606,0.44094295695945235,0.43348155512729025,0.4375693538350542,0.4370668676536039,0.43411267902901873,0.43062944437952144,0.4344853959819596,0.43252149711467697,0.4453351447890402,0.44634084731465845,0.46372892320376763,0.46471201350024616,0.45673497271508884,0.46052645694226013,0.4551597494884151,0.4583129811046751,0.47349509717366217,0.47049153446131387,0.46130740420256316,0.45459021914913833,0.4538217018057518,0.4578819102609685,0.4700860726020496,0.4648883284805931,0.4657397699549237,0.463345665704685,0.45762481991072135,0.46561417087565754,0.47862345349887125,0.4689462328308521,0.46763315295797997,0.4620208248559827,0.4598101420549319
40,0.4697008913058247,0.4755817428410611,0.47836525364584104,0.4871178145812269,0.4758090504809385,0.4705599797475794,0.4776010282230007,0.4759657781087213,0.48143853595664926,0.5145643974896509,0.5194477463973635,0.5382219869519775,0.49936484450634466,0.4856838637796623,0.4762921392408369,0.4737302664873786,0.47641683872784785,0.4948940069676868,0.5038899118175955,0.4997180481109481,0.5033239455829677,0.5123138564899175,0.49237442975813983,0.48282876194903707,0.49420484569217243,0.4829727427604851,0.4870116504889208,0.49687236685109426,0.48813987505834067,0.4911251587970042,0.4800634885046385,0.46311260068297316,0.4725745454631698,0.4668578622673336,0.45494466528495603,0.45030084250925506,0.45634019599762926,0.46122128309156246,0.45155682309787976,0.45730512835997467,0.46067795365193775,0.4681390173660885,0.4783820161138544,0.479168616131442,0.48797405110405184,0.47638122468631827,0.47463570773301444,0.4595218529059409,0.45555754892825695,0.44602303450808883,0.44443354238506055,0.45922366416558064,0.43828905647989347,0.4424372073235473,0.44390979529704183,0.44803797497732484,0.4473972298278949,0.45693388996940243,0.4597848040753145,0.4537112433283923,0.4456205254050561,0.44262755532397424,0.43135667418450074,0.429037446519041,0.4491374921178285,0.43586462679014903,0.42408254667127004,0.4378582382607784,0.4351656804739376,0.44728731013357237,0.44023760746036655,0.43701779323819095,0.4378437465128378,0.4402587978579667,0.4299488214312303,0.43979424503026293,0.4381924057581228,0.43984680110471036,0.45382305706369674,0.4529647327096208,0.46011664868911656,0.4534999208471589,0.4550666469340675,0.4631413715254509,0.45859852852299576,0.4550511672671663,0.45142550859779623,0.45922732549512096,0.45446408687993134,0.4632889854969944,0.4670514236302658,0.47859835844394905,0.45837449532110114,0.4609067632847977,0.4640116952863692,0.4609872899201858,0.4494330352086791,0.4603224199074043,0.4478085533198086,0.45295251296907835
41,0.4466539695307096,0.45679642495197315,0.4755499217484421,0.4623474893000233,0.45775824727114206,0.4770734622943713,0.4770227719858,0.47489763793421,0.46630277228531875,0.4743195906251216,0.4853925173333741,0.49096264010507257,0.48279263774220016,0.47308725968333504,0.47615497133901813,0.4850271500661826,0.47248687323848343,0.49345032888016377,0.4953253879117524,0.4783568404802648,0.49338776128326756,0.4867346852713575,0.48089490955991676,0.4734637697090918,0.4745975951013499,0.4721737441325294,0.4791986449734154,0.48803992989111733,0.47806934276985,0.49207702502130923,0.5041880989209416,0.486746767000127,0.47948131005433514,0.4762744817154834,0.46541328655639574,0.45001539934418283,0.46435332393834156,0.4745310609605185,0.4808709708674229,0.4825310159467387,0.4930064416283291,0.48471797885828166,0.4948837526800988,0.48838307766038347,0.48610433169920186,0.46757238566187526,0.46763653741185895,0.47037707878838564,0.46448372582603126,0.4493780776959303,0.44774997185251714,0.45969096949139027,0.4637196219241765,0.46357770040651625,0.46322902181380016,0.44282543939549085,0.43767971871164507,0.44136174531571154,0.4391966595465732,0.4378446836184205,0.44505651257797274,0.43330421069156777,0.4181456577293272,0.41998647353879054,0.4230299315182196,0.4309210485351371,0.4331978921595656,0.4590276283946937,0.4529700959698359,0.45988549291507547,0.4524440501187822,0.4353700558813955,0.42010901929575883,0.4280402071096608,0.42269766295389505,0.43601889101887503,0.4417005638027966,0.4515750898383315,0.4489493394632725,0.44559765970875687,0.4556712230990262,0.45047695260181453,0.4466809659190959,0.4556720781275329,0.4511510390807224,0.4579903181408507,0.4416792196043694,0.4497632813091449,0.4465138381469897,0.4503058339016673,0.4507888688796044,0.4626922975102111,0.4509142908433394,0.45562784435804016,0.45106042471864877,0.4624401382994915,0.4573641200357199,0.46017454681577225,0.43633835523348236,0.4354709569831615
42,0.4430701660687224,0.449948131812922,0.4346454427345639,0.4406339921341618,0.4538555788670579,0.45278310209382233,0.45395033973409765,0.44398767877627465,0.44335632176089856,0.45400663054626583,0.4645321849776437,0.501428346845121,0.4703183119374482,0.46536583412151306,0.4455541844320693,0.44435811392848745,0.44430615274191726,0.45679543062775296,0.4731376656792749,0.47268217716549465,0.4969684990227239,0.5058547803992911,0.49642882064892985,0.48975165698017903,0.49049955594419564,0.4955715515341722,0.5022845873515617,0.49190600404193724,0.495267204029954,0.48791012740000794,0.500827241275921,0.4857087138163385,0.4949811538016875,0.4753405624949922,0.4796753192508629,0.4839181172706219,0.49445286642247355,0.5131812823455466,0.5096364466405136,0.5253276290773214,0.5207967394176393,0.5009355248118394,0.49799796980287736,0.4946595686685722,0.4868336693894783,0.4770514630400414,0.4802805309097425,0.4720822902164332,0.4589326521073069,0.4468750155687149,0.45007979355787203,0.4569117048735961,0.45036422535491333,0.45055353906973905,0.4529985284939858,0.4621664637157957,0.44715671892441555,0.46393228150359206,0.4467233009467558,0.43946684171962935,0.44339787002775344,0.43263049004728554,0.4374681785390162,0.43600418640628447,0.44903546804816213,0.4385366909488577,0.4447465374885626,0.44159270061535405,0.43081729293614335,0.43480202790338063,0.4385849581170084,0.427398342371595,0.440133171660586,0.44627941687802564,0.4413154268216007,0.4346668531443834,0.4485696855448482,0.45364063734534593,0.46004557303604415,0.4582433202814323,0.46390748792980907,0.4675127929973429,0.4509206531560452,0.4572054618485689,0.4636530235570968,0.453859986761084,0.45225348458026066,0.46563395058852425,0.46446710984160805,0.45377136583997174,0.4545357519989534,0.4649731629857089,0.4569497995416776,0.447767482398043,0.4388465664815768,0.43773297631909724,0.43663689483869356,0.4346744276688948,0.43041960237436294,0.42482714308997294
43,0.42781368958790505,0.4144171510117424,0.4088186661512917,0.4299129764493556,0.4260302309634514,0.42537592067659885,0.42803126975680783,0.4353039583997374,0.44704903800284196,0.47129052500850255,0.47497110637470474,0.5074194269074138,0.5029495978771702,0.4948671033401017,0.46257572031520094,0.45911589791315427,0.4501104945892572,0.4614156884222913,0.4699310809455578,0.47042198574046895,0.46720676211499057,0.47190418842689535,0.4854064598504158,0.4885025255237233,0.4789065761643421,0.48161682873936956,0.4889718245821714,0.4774002839721051,0.4875964031890158,0.49697607299186203,0.5070348503531623,0.5003166079448048,0.520447160177955,0.512137899883727,0.5229618890366882,0.5138558018673295,0.5175743639402405,0.5226893774638833,0.5352011363943898,0.5371249842819487,0.5198002624255929,0.49594329065273374,0.49867189938993833,0.49418195093962136,0.48632896148979654,0.4887362893806734,0.4701111819360048,0.470056407337511,0.4623240715570386,0.46349452466016244,0.462140514282058,0.465808327759395,0.4541272021306012,0.46491310043977857,0.4568134704600058,0.45578403445572935,0.4511897374414505,0.4564400178439964,0.44148883583705095,0.4329102621212988,0.4431128412998269,0.44088411376356057,0.4309079165068489,0.44315316641375,0.46167453154491733,0.46491850403263885,0.4619332297242461,0.44958775787974614,0.44792823140876764,0.44864674706922536,0.44038123278413766,0.4373145946562097,0.43773008905017063,0.4463722364067929,0.45168596790062715,0.44988730561032536,0.45662605664345235,0.4638365514869621,0.45729059127278154,0.45729296811176,0.4672344781594257,0.4552385814725117,0.4555381455963939,0.45269223858351126,0.4486930175888022,0.4363547924491751,0.43352498052652305,0.4442724872016053,0.4266215543509635,0.4277398799589686,0.42885201624584257,0.44466851914018796,0.4303127487595371,0.43636480259457644,0.4290322567983652,0.4182693547747494,0.4129486467390575,0.41346222017089485,0.40986711399682196,0.41370741853322096
44,0.43907637714422176,0.4315074672701144,0.42888283309005953,0.42742273426586025,0.4266968966377464,0.4405259085060867,0.4440583947619961,0.44275309515888284,0.4497506086153177,0.46717689382096445,0.4663439073615266,0.5089153721877926,0.49581178083118893,0.4880513782222226,0.47947934373261364,0.4680417106780242,0.4740678198156266,0.49573082009585745,0.4632669120831047,0.46808530408656107,0.4709193458630111,0.4733212048069591,0.4692358138286969,0.47213186918791833,0.4865046509268276,0.502115058892566,0.5185045549555899,0.5263176348753078,0.5171507155777282,0.5143478480789968,0.5101440517310999,0.505167539006882,0.510776633986355,0.5050328527733142,0.5051848009192554,0.519787885731943,0.5301969420769364,0.5358819741927716,0.52131489280078,0.5251515460626734,0.5241140025998031,0.517698937093899,0.4976598931544006,0.49047852898412175,0.48730846522503046,0.48231536375171796,0.47960133741223343,0.4655903623765468,0.468458979713017,0.4514862876887162,0.4551476828816589,0.4652133534305318,0.45973160665015267,0.4625996889032083,0.45696987631971026,0.46176458796358527,0.4671144788705553,0.4602717862878482,0.45394924871236686,0.4443734998974769,0.4459018175793501,0.450622801278806,0.45277533761448857,0.459551078597046,0.4603345583879382,0.44653616241520827,0.44336192502873145,0.4457965511206348,0.4357620226109576,0.4372618595251557,0.4323787869618175,0.43694999704059756,0.44255010960123103,0.45199349535431427,0.44037716339784444,0.43879403776272075,0.44910855326456206,0.4495497374488593,0.45364876089854705,0.45616914455166596,0.45732263646613247,0.4403327216987713,0.4323394506924084,0.43187367864939835,0.4209053532471872,0.419707433188479,0.4055541705972051,0.4116397383899462,0.41249297126206624,0.42305050683872025,0.41937101379962316,0.4246935296680121,0.41031142471486065,0.4138839983175015,0.4122911797796527,0.4314790166895165,0.4269997228966578,0.4281381534890594,0.4151488262173317,0.4201507897765186
45,0.4350702882603833,0.41341725913186866,0.42583434022774863,0.4268418647382656,0.41473366194938976,0.4181896757884609,0.4061565736294975,0.40466545586444175,0.41920109644744474,0.4450100465894362,0.44694344009718723,0.49864052561712696,0.48055868417133096,0.480145904906329,0.48089867892416177,0.46928110630388037,0.47547619782047884,0.48571177553365574,0.4895775820806476,0.4866453049012641,0.5008263841255621,0.4817177835577643,0.46613053820127487,0.46824088486077625,0.4930810362069701,0.5011660603461542,0.4974053564770622,0.5066776131244458,0.4968253902191644,0.5103694225904845,0.5086035210678567,0.5036298311026701,0.5085610768424843,0.5105023522544477,0.5205588029514665,0.5315147581519206,0.5503994261514912,0.5737378646848522,0.5565403467013653,0.5420828980819541,0.551029922675713,0.5214640381464114,0.49902600639796507,0.4845120583723405,0.48311948650315945,0.48052585298962697,0.4722027679713426,0.4694490958707735,0.4590419914954291,0.45306798716894053,0.46058690851671447,0.4691746237166927,0.46768982793159725,0.46440942894046094,0.4694308913568357,0.48066517399806297,0.46911901384039734,0.472496657715895,0.4686519549492342,0.4653462804530144,0.46814241821944413,0.4698583123543826,0.4651527759148248,0.4538549920127925,0.45332892772022243,0.4471546403431164,0.45013822924020824,0.4469871998048879,0.43943702837387877,0.4464654302617763,0.44235385611023714,0.4335834727603356,0.43026497997957047,0.44550026040370583,0.4430834558068159,0.4373932700041721,0.4445698890342784,0.43931600205895543,0.4506191101880642,0.4451217648684772,0.4346997507119142,0.42863068439687757,0.4215600196329449,0.4249574500377989,0.4243939519884383,0.43384542297211826,0.4209478983650519,0.4138365353548839,0.4033218517117715,0.40244494177563955,0.40372989471561205,0.41870200896668225,0.4080523080460378,0.3976075417939826,0.4041358247698991,0.4193078421645512,0.41844543424751124,0.42339564215709663,0.4177494344790094,0.41647000393380024
46,0.43368555441250956,0.41447304698526616,0.4108114750312875,0.40363730874368764,0.397678675212408,0.4157929402269576,0.4213479634690425,0.4379684970163372,0.4484262768941387,0.47429230688799956,0.4752785591703351,0.5124937780766368,0.4922698516529477,0.47822873907067387,0.46273182492543,0.4565979316178494,0.4604962212876011,0.4754416564829167,0.48016208252198955,0.48012302267583773,0.4807620384183541,0.4826298240724683,0.47945086054204783,0.48423430943568396,0.49036746542210946,0.4623272147715398,0.4774182188579815,0.4812199283907381,0.4801244805458497,0.48025878735108646,0.49928168048369925,0.5125495015691791,0.5068086390032607,0.5166492262445558,0.5250849778779957,0.5248354683393056,0.5313064549687931,0.5405257855416947,0.5546801630052386,0.5445600999604501,0.541322783184063,0.5183944224756222,0.5028449595966674,0.4777842416944984,0.48018851713438326,0.4701995778296125,0.46571263276487507,0.4626933710764627,0.47506434612136766,0.4549382239675503,0.4706890731734129,0.4735495976537889,0.4746730331871071,0.47393354272101057,0.4750022832348341,0.4611286730255958,0.456894696734167,0.4562546468204265,0.45428251803853853,0.45878466997606004,0.4567172963474479,0.4441736313113279,0.4317737440194814,0.4346150180355328,0.43364349623709175,0.43456935541799363,0.4185229286372623,0.4252925245705843,0.4315005711316805,0.43606392627406504,0.44233989386909267,0.4246594829050505,0.41291009649303334,0.42916648437825156,0.4356110161905556,0.4320843835311553,0.4424685683971821,0.4374644165993321,0.4387578419574246,0.44374849279478495,0.4312136856065962,0.42299199472665555,0.40553084384093335,0.40847863516729516,0.4117792506471088,0.409906891351153,0.4080859608289065,0.4135683563765729,0.41551245386311647,0.4195859559566668,0.41812371514251995,0.4202359043341117,0.40904608270647974,0.4142995733417837,0.4124407136228119,0.4229879128189118,0.4162515437816915,0.41793342643898995,0.41713395097709716,0.4081075236365878
47,0.4038533493352529,0.3970285187877891,0.39578310764285934,0.39831845911952957,0.3966173217881432,0.42659576465167326,0.4449200816585687,0.4403397510266912,0.4548235661362011,0.49525447393387734,0.4980953587137355,0.5337584203356486,0.513766583455125,0.48326160630972953,0.4764609563768107,0.463528365530487,0.47388323920708175,0.4861958868301129,0.49158983739631085,0.4931165501800189,0.4773502881913476,0.47624915736566853,0.4718872375631086,0.45928609397333475,0.4698800943891307,0.47424290078381787,0.48480632061082674,0.48611527657686915,0.47701472396461175,0.48661132253920164,0.4954486488131433,0.49848707732964626,0.511303433889569,0.5176391536438892,0.5214348388233025,0.522390301257881,0.5280358112040647,0.5491748794254133,0.5421858378015095,0.5403620630319425,0.5225694461256066,0.5029000442346889,0.49318431269860713,0.49740386691181177,0.49824653696530496,0.4735710922759268,0.46387388021982484,0.4716034223134482,0.46186073610758743,0.45547836485314597,0.4646501293432075,0.46446204940878144,0.46066852169144373,0.45466086077010487,0.4536060895317787,0.4437423487363622,0.4507110001973901,0.45374225723417666,0.45040902378819386,0.45092739904764356,0.44306201072988616,0.4295088700619693,0.4234814976046745,0.41931126804196495,0.4355024279277942,0.41733975876553464,0.4217340367861879,0.41558212594032556,0.4160860006096375,0.41510021705571915,0.41350856489758664,0.4159432703752294,0.4257848669167208,0.43475279529791033,0.4337204987998038,0.428946813765629,0.42062178360935715,0.42049474096006617,0.4264538220860056,0.4276302476819861,0.431347093950786,0.41809425985832277,0.40737648604427146,0.4256669187497292,0.41628574104542615,0.4152025514183455,0.414956080207963,0.4261154957030867,0.4154806048337169,0.42227817183353145,0.42215743553572277,0.4275518124282315,0.4320789180628387,0.42425082249710133,0.4313213936410746,0.4324777053870269,0.42879151810233657,0.42003176631922384,0.4038976700873691,0.3998102960355753
48,0.397056785204597,0.38628887795578365,0.3881613098367057,0.40791472538153734,0.4272766497720311,0.44989126278593555,0.4459103790296151,0.4360352369464093,0.44847949653734814,0.4617642978566708,0.4676183572803338,0.49599375193904727,0.484000823926267,0.48522676564946443,0.47791027084958526,0.4809408015357562,0.4764679862602913,0.49991500903231323,0.49209347708369877,0.4765894358298562,0.4713040041462894,0.4676154509437664,0.461806528493102,0.46331446226171114,0.4690707265199814,0.4762208100386641,0.48305871551919866,0.4709571810587016,0.47535887737099897,0.47501394253814355,0.4849279909946773,0.48586516010617115,0.4934468080167454,0.5079171142650285,0.5175348997010666,0.5168959902775291,0.5389247563046072,0.5350251340127986,0.5210945858871456,0.5244539879864608,0.5164241619645954,0.5143029570313171,0.5034150919454983,0.49812910240135605,0.4956564834277369,0.48040779753686635,0.47698264252759,0.4591215616680227,0.4572563054371352,0.457655013021125,0.4574259261309463,0.46315812956856056,0.4634679817250691,0.4495883311448093,0.44421781930673143,0.44607592625550535,0.4321348500827993,0.43013351059834226,0.4281186584537857,0.4294140419189385,0.42337668694381925,0.41214021059445366,0.40716485127387386,0.4008053091163157,0.41868274890718304,0.41464322602840276,0.4095453547208283,0.4182192524837602,0.4033409911895489,0.4066534186013846,0.41111214863278683,0.39587601762395774,0.4084509833366101,0.41617385519975864,0.41926674744631814,0.4621298197916014,0.4637891858833782,0.42705633488929823,0.42509822314827683,0.4338364403257784,0.43379950962782793,0.421093737583276,0.42571919980555345,0.4211325474890055,0.42158054276896756,0.41615074672271396,0.40171175469018294,0.4083734302308613,0.4026120764716621,0.40371453317226264,0.4127883021220248,0.42378050699342257,0.41377829885961626,0.41372774620537645,0.41162637594823914,0.4119151964744353,0.41165299225785684,0.4035271389835851,0.4010909159621386,0.3945810025230343
49,0.40437145301387817,0.4136955522959946,0.4068607263032356,0.42696809066306035,0.42003464152515796,0.4094131758038792,0.3991146010145404,0.39832630530172736,0.4160970417009833,0.4313614793579575,0.4445135753417962,0.48668616365734463,0.4890233435648011,0.4906577710808214,0.4889830280556452,0.45768778530194004,0.4548784919245254,0.47888906655723656,0.46350378635790573,0.4643084087091706,0.473827359168728,0.4623042161830201,0.46639646846790755,0.4549773766119288,0.46897633344428435,0.48408827133174914,0.4803325362606728,0.4873771198211633,0.4942278431300631,0.4857720093129385,0.49535535964863026,0.49353875330430386,0.4998273456258985,0.4932897425581608,0.514853769683323,0.5216718236301747,0.5358586083854406,0.5469752905210811,0.5387457077126289,0.5359711252815934,0.5278915388587052,0.510356725208374,0.49575448307130815,0.4962339297151586,0.491803805690871,0.4828175835750858,0.4795073872453273,0.46581016029080713,0.46444567285161353,0.4468327793034392,0.4437265953470285,0.4394779449586803,0.44336580106123485,0.42410311807508216,0.4222167712856013,0.4186677607104444,0.41822901028605014,0.41588085594154595,0.40516843748210224,0.409738651814754,0.40945763865859525,0.4089575267002994,0.4000328786912949,0.41104864883651876,0.41065465660685013,0.39857846992253554,0.40013494113360487,0.40352611673182676,0.3881092415188953,0.40095584432806,0.3977141107237266,0.40939326062189846,0.45421927359665154,0.46224019011582423,0.45983705193126223,0.45945848941422,0.4631969789991479,0.469473506457554,0.4768564078165705,0.43858574872177186,0.4378499522724531,0.427220659141862,0.41755291511539494,0.4125364743721687,0.4056959009543714,0.40312386837984476,0.39472125762229865,0.38916524827285914,0.3907921679953474,0.40358025827897137,0.410733932410304,0.41615243127936,0.4189130502726109,0.4189664872057288,0.42047589423359266,0.4327928219684903,0.42191309488801293,0.41884709339826204,0.4027906792473785,0.4018129370689284
50,0.3835468255038922,0.38508142322939803,0.3911462535646344,0.39500046162016905,0.39174604108662564,0.4041863617473933,0.3925660655883177,0.3849713394594218,0.41659998838755546,0.43704777818602975,0.43972427967818367,0.48020133508074714,0.4869826345314936,0.4752517559830259,0.46553058997762237,0.4602845405319461,0.45395312888903583,0.4900583083791427,0.49145509654294567,0.4908466734256756,0.4997351075788958,0.4910792919324266,0.4730317268312024,0.4569783933312748,0.46030422825485984,0.45390154719586556,0.4706019471108807,0.4879566196142621,0.47971657757933717,0.46435222022744393,0.4653095340302461,0.4601835747288041,0.49754683972352276,0.506233100570084,0.5578389506990536,0.538908606295814,0.522871384392986,0.5303990762858677,0.5230090539620008,0.5132184953634163,0.49490842129418783,0.4807599285223516,0.48222295711057994,0.4792642440097621,0.47468454101423635,0.4722421650271124,0.47544487435067956,0.4654238677233592,0.45850044511585525,0.44814870697041864,0.4568639338038341,0.4457101334326295,0.4433094078138924,0.42678472553850205,0.4211483075268026,0.41048559587470484,0.40944068627850533,0.4077942569937451,0.3987727955828862,0.4095185233717842,0.4112539488538329,0.3930885103481747,0.3858794493313972,0.391635894973011,0.3908522733984592,0.39200581187669065,0.3923650807238439,0.41010209490098565,0.4062828527674559,0.4512694733971112,0.44823454368816473,0.453129858452108,0.45336214341014014,0.46447474714966736,0.46190328970223193,0.46110131811380967,0.4658121863635936,0.46082339598620836,0.47849136515395907,0.46449635160567604,0.459233475172975,0.4174065744800497,0.4189894955568905,0.41574637039671003,0.4059681476510221,0.3974104102782665,0.3880521702158617,0.3978117947373941,0.39534758150376603,0.4002036265283217,0.4103885005156367,0.4305671963063561,0.4248096292967592,0.41725114557971343,0.41807925846852484,0.41543803821682834,0.4141662647625956,0.41013438969083027,0.40682809978389667,0.4089580490947732
51,0.3838223295714189,0.376005125009606,0.38341036276298995,0.3943592334792453,0.3976710637698926,0.4114868877681146,0.4084850989060767,0.4107117138631102,0.4188578513054067,0.4278718546043306,0.44874926135319704,0.47637409169724776,0.4749910822162471,0.4673727295445652,0.4565976102562749,0.4754960756304461,0.4729837524190252,0.49149133580552856,0.4868409767251461,0.47477543938709765,0.47730930972696356,0.47223935813653,0.4623203196167983,0.4484276825224742,0.44875063074441485,0.4618527312814566,0.4609171859093035,0.46625377142863483,0.46785153586586414,0.4701600278071391,0.4720724538878223,0.4855553897666707,0.5030432882705613,0.518588275410453,0.5325991506111355,0.5180257849422244,0.514480674856553,0.5137559111542936,0.5053629392281357,0.49274253907783666,0.47927630421339285,0.46249238446062124,0.45373429041334845,0.4600712762231437,0.461785550984529,0.4585331130964088,0.4520170287381879,0.4472566894417948,0.4350860803638998,0.43486973084202857,0.44397640492893914,0.44458550432434235,0.43263894832398686,0.4302124578558996,0.42826424624943854,0.4209269683679511,0.41211407836755964,0.4191776192396432,0.4175559901724455,0.4123664069160449,0.40436042856834503,0.39997932489638993,0.3939428882236733,0.3879841040224035,0.39620958913312065,0.3957767576045805,0.43743422902120266,0.4487995613005229,0.4351770382811362,0.4363057799337629,0.4517086735869394,0.4534753792993684,0.4465664986409694,0.46790529115154145,0.4581849460169651,0.4494293355658726,0.45805155607149095,0.4430143337792179,0.4489600252273135,0.44841295582686785,0.4563779363459232,0.4416026609224003,0.40574910293172384,0.39882260391115876,0.3956553898828262,0.3935888623941467,0.39491453748543276,0.3928501690411108,0.3963564109648209,0.4010525485179501,0.39732874190345363,0.4149995227908561,0.4080283379173219,0.41158174157317684,0.40757972511848534,0.41591115865824685,0.4032914822190213,0.40570604375816327,0.404816066462202,0.4078506856270964
52,0.3632173788522594,0.36846362662338095,0.38172849004532755,0.3903971632800895,0.400600233471729,0.41981219910634093,0.41966763400187734,0.42121778377138014,0.42408126297494797,0.4512910671289196,0.45514054368965934,0.48511228505084625,0.4903192627375137,0.46869195348438797,0.45727555928049873,0.4539731444437332,0.4533178143531543,0.4560284493631744,0.4632500679048692,0.4675982576918831,0.457593507952557,0.4604825406677134,0.4359129470146134,0.4396127160491291,0.4517218448846414,0.4604849740185235,0.4699487078912265,0.4869455114023866,0.47805063175681317,0.4774127874402248,0.4754293315536279,0.47656054861070823,0.4718799713512418,0.4902913996521862,0.5063353394793567,0.5015709483838445,0.5053500114829442,0.5068739760221548,0.48868059341329495,0.4791873446203452,0.45976670392537244,0.44954892708457866,0.4588123087437469,0.46035628392378913,0.45901943791209127,0.44348396665736134,0.4351669009963942,0.4338344855946001,0.4348390310646375,0.4299273025319373,0.44241638688936563,0.4348888996646202,0.43967091449302015,0.4283669252060392,0.42662062296027864,0.41918007207651414,0.42006955203152235,0.43021782744517434,0.41531952093488006,0.4123945646303661,0.4093873899225702,0.412200669555291,0.4100203233315875,0.438086523433829,0.44255800938285256,0.4566096242588726,0.4421833120983079,0.43483268233751127,0.43220016066151795,0.4438043313613519,0.4497017381834981,0.4574281556614089,0.4610383513141525,0.449891982219005,0.4472313410228092,0.45053513673715145,0.4506499848973255,0.4480346709734185,0.4473577411714262,0.44081765632729997,0.43624602005833774,0.425914159416171,0.42584286850211395,0.4249420725316932,0.3988826865135621,0.3934498436899482,0.3884610499029895,0.394610001887709,0.3929495277305058,0.3909040187866242,0.390510024609046,0.40108004490415927,0.39246208432429075,0.39424829449301624,0.39946395411269403,0.40519048532125823,0.41462334593139283,0.41168670330350227,0.39399140955030737,0.3825142637770615
53,0.3847043326123126,0.37874148483789105,0.38673809976804385,0.3870129404218764,0.41096530798322767,0.41677764438798537,0.42883710405173764,0.42498664998090735,0.4415710238138275,0.45005354700139044,0.4666035966101825,0.49381741893972025,0.4758557112787774,0.454468443686926,0.44439740106529557,0.4608999901695192,0.45704275558405016,0.4624479381913755,0.47065885414017095,0.46458404048853635,0.4757596085200676,0.4690505378521873,0.4537599536915701,0.4607536311700632,0.48696205070785,0.49518766167556216,0.48990106095644353,0.4924751928634995,0.4845578109511031,0.4871820111700128,0.48826155518190145,0.49731117964521016,0.5037860913477779,0.4978496723976697,0.5139783987565957,0.5009972097642523,0.494707246824378,0.49376090406794754,0.4809029192039408,0.46203852246020044,0.44086907321739016,0.43132829653855453,0.4255608792311409,0.43046920322210247,0.4319895559640587,0.42483725533235245,0.4282225266714274,0.42695864830745184,0.4300084158480305,0.4245547641458532,0.4337502785845559,0.43137739964563465,0.42495368839587383,0.41824562317436803,0.4231442855003408,0.4159469399980008,0.41813227215406285,0.42528512551247155,0.411293901972297,0.41009827822112505,0.4278636600014658,0.4587099648088136,0.44947501827813263,0.46559214515886754,0.4696201829163242,0.45758856703861456,0.4597346707272758,0.4555222876910547,0.4469589346350432,0.44742586861820016,0.45284084223409815,0.44335688862251127,0.44346015315298926,0.4480115918033609,0.4387181575678326,0.44423103910587086,0.4510371200307063,0.45211204856593906,0.44682802511572367,0.43288284395026616,0.4265551731195179,0.4168724814519156,0.40392776472451447,0.4170765102095652,0.41669387444014466,0.4181045867968508,0.3789466842321078,0.3833941671070475,0.3777784032457884,0.3757806158961763,0.38268536260368496,0.39675013294984124,0.3937919737958903,0.40123334162951674,0.3968378487054163,0.396877034611856,0.38092538602682946,0.38640455207586827,0.3917245572805572,0.38621808134143626
54,0.3708020917105264,0.3743173011556836,0.37289276809353644,0.3895261311899099,0.40314838380153695,0.4073410429592649,0.4116046371395547,0.4191061910332555,0.4323737336338619,0.452907616267218,0.46837008926887963,0.4865251367328541,0.47018852702433606,0.46065836818329897,0.45310290888343174,0.4429655827023661,0.4597876805206419,0.472145698256769,0.48276968078589494,0.47951017241829974,0.48143665892399823,0.47162826050743695,0.4774179141775928,0.4684574684142061,0.4841163596834732,0.49049252966930995,0.49075023412540836,0.4946521566576758,0.49782435663322544,0.4893573335691971,0.49275686160914484,0.4925269261989146,0.4992596950079208,0.4892056684718367,0.48326349808768837,0.4684176176416065,0.4777136566081246,0.4747738342740203,0.4586571975561243,0.4547892945947883,0.444876089630278,0.43128564390404545,0.42712176170766797,0.43651939401016004,0.4421081232484348,0.43228119209948224,0.43153315913566115,0.4267076826905155,0.41937985518433796,0.4150337226792238,0.41630301633537914,0.4132319176311091,0.4085026628936357,0.3971139138718569,0.40433318116566364,0.4140868735031953,0.41370629569070794,0.45443398729165757,0.45290313572847246,0.4590907696145602,0.4607730472039495,0.46429897365859024,0.46369786270749924,0.4599628209515502,0.45312249864609727,0.4460410916807718,0.44479506891476356,0.4421952261312782,0.44704816164571126,0.4523587867605546,0.44445642482564407,0.436569496497623,0.45000386580632257,0.44544564378752044,0.44185501268556704,0.42991135062801844,0.43541322412755795,0.43650348827452723,0.4348761961209773,0.4294502072145133,0.41540991752708023,0.41584003729096736,0.4105961562880643,0.41720473216425985,0.41610212451322204,0.4195999168569525,0.4095620542682748,0.4028859219012098,0.3754039611844557,0.38055737684762625,0.3836383662407143,0.39980794647978873,0.39424965678465307,0.38202080396959337,0.3943432879587464,0.3945371731891653,0.3851724263646295,0.3824075038692688,0.3700835271453796,0.36957228286181126
55,0.3705132360880187,0.3749991398735304,0.38465192594366604,0.3980190312889963,0.3930846724560126,0.4166308251308395,0.40908131812916787,0.4188431324135048,0.4324737136874313,0.4469539132336476,0.4732247824318103,0.5179901982188476,0.49968697476844454,0.4623160415930758,0.4561402803612578,0.4675683922082795,0.47533878364300947,0.4906485071612366,0.48539550968222334,0.4876665580483427,0.4801558950998928,0.4802602905332651,0.4731400202638706,0.46986875081290425,0.4871314772253009,0.4764534148907965,0.48936311171992786,0.5016581134018976,0.5050836079213763,0.49294611931207305,0.49643324955652646,0.4832819267577707,0.4867355562048767,0.48185423965890745,0.4779756740885771,0.46619550541716814,0.46506998943067995,0.4797831769994515,0.47433297330075186,0.45384110021758495,0.44647626932625795,0.4383984295724496,0.44348819353837315,0.45264574516900274,0.4429944074046891,0.42800579411502554,0.426927334278879,0.4287876338813103,0.42291651842846406,0.4107368340174796,0.40149726212539105,0.3932808845352213,0.4050342302013985,0.4003065789141093,0.40571775800621207,0.40301963814343367,0.43025161799280526,0.4519901054296199,0.45076107837758017,0.4598710515214477,0.4577829033815057,0.4399627898651421,0.44631433029726975,0.4529804381506222,0.44251409093193433,0.4431380727449806,0.4361472366765645,0.42807866906082925,0.42963857160148805,0.4447492272675205,0.4471925949353862,0.44127469224593185,0.44683269614954085,0.42962029604622687,0.4326627754588398,0.4162035064704388,0.4219442559856041,0.4279407873919517,0.4394245994893503,0.42865911192571043,0.4297212315679343,0.4225739014694931,0.4191331102500052,0.4236922065717584,0.4212497024382967,0.4165420283503101,0.4124410278976448,0.40331405970382656,0.36872128604165405,0.3755495544155242,0.36907270110896157,0.3859369595985075,0.3835205589998364,0.37698095311345015,0.38008462961770895,0.38136440588665776,0.3792850311723564,0.3676335770585412,0.3598786363490444,0.3602609397482178
56,0.3781017250865753,0.3890195569147028,0.3955851423474914,0.40880260765220056,0.4209628445640447,0.426016419630115,0.4283537013550659,0.43624985523983206,0.4481229364362971,0.4695712224480101,0.4856983794728504,0.516568405283889,0.49587999132080585,0.4898915489728091,0.49151365413382236,0.4794357147522459,0.48144007947937884,0.4841466899584687,0.4902420778814008,0.47362237545992275,0.47315818462594794,0.4825678554418021,0.47143743596898946,0.47510824031687987,0.48391457653792597,0.48743057359801334,0.4980771599053988,0.497671627718803,0.48017856775361284,0.4909892515300603,0.4829986389022776,0.47005262123567654,0.4696287596778891,0.4705516298112591,0.4681480109600304,0.4652324941039542,0.4570473128221555,0.4502704090285184,0.4554468076678558,0.45805992672560164,0.44441087109364324,0.429973057908609,0.4325080368511055,0.43803847473300583,0.4302898981840941,0.4295513924059422,0.4191193711638741,0.41678386848058774,0.4053101546841175,0.39419564399622603,0.3973312678985106,0.3938468598842192,0.40162526594563686,0.3956352209831158,0.3939720956321527,0.43611719181642006,0.4302445762048512,0.4342216365316063,0.4264020367803804,0.44298150986063156,0.44903993617296684,0.45104899271004334,0.45807948365953643,0.4618548351159512,0.447616457633207,0.44404232499664564,0.4399629393966573,0.44062414418087653,0.4461447436466332,0.44724247689966173,0.44566549150103524,0.4366123116571795,0.44089379247335553,0.4404364902816751,0.4361743693261979,0.4386277823382316,0.44249999033351867,0.43480670602486954,0.4296413193813761,0.4395627080926391,0.4389626130135617,0.4371192281642097,0.4269357899377619,0.4198387223668055,0.4180686871055643,0.40801974793271195,0.4036937667017078,0.4077056205427013,0.4044204215982473,0.41304777018109345,0.38791763198831203,0.3886157046593615,0.37868812628645115,0.37230403642302096,0.3742069589642737,0.3786095751485108,0.36784642298015346,0.366282766111274,0.3686584337205077,0.36114174833694823
57,0.38960569733765144,0.3988805076269736,0.4111171396046783,0.41324163242141987,0.42287283617904653,0.43676823233743123,0.4402505764476509,0.4349652425975972,0.4490208452110385,0.47094944547036605,0.49362447933184067,0.5278660969326385,0.5081019875178573,0.48017504283172985,0.48022154264752376,0.4704921048375102,0.4666879543313139,0.479954788433855,0.47939947555699003,0.46143569509603827,0.4782607949849764,0.4830276635098353,0.47186495104554615,0.4802455461777393,0.4877306598510778,0.4847015906418124,0.47203068391645187,0.46461904676948945,0.44757345395466197,0.44519807070225514,0.43771817058882906,0.4365692346412303,0.4561032664223535,0.44251048235306156,0.43777548702894353,0.43961226819742333,0.44956781738691565,0.4484733745865156,0.43854006073412183,0.4342580846739388,0.4332463759087344,0.4406602254723574,0.43775696230248257,0.44077658830290073,0.4320182592030035,0.4286557166011645,0.4279266362837806,0.4192657107233667,0.4195799423284313,0.40513043119592934,0.39905833160472975,0.4072601214786261,0.41434855029771145,0.4416474993823851,0.4328092879227579,0.4340097831156529,0.4388951275850969,0.45410563802594617,0.44482054199731014,0.44520180792290326,0.4419556220384562,0.4421131519314953,0.43789323464115765,0.4351312705455675,0.4395335301549842,0.4322494877469626,0.42546096725532345,0.43976632832152773,0.44598039995363314,0.456513744125457,0.4573311879863494,0.44184502030214085,0.4497827113834346,0.4441920919302061,0.45270127134910204,0.444013638641382,0.43984589912497635,0.4458434290670705,0.43619227284882706,0.4261708767235774,0.43119514036275125,0.42490874026325026,0.42363511377652724,0.42299224835962473,0.4039328667963778,0.4036092011291017,0.39823627993955985,0.3901264826183929,0.39425927448201625,0.39621074587986543,0.4053145310618558,0.3885003159599688,0.3830490668501506,0.3650019964662213,0.3653137236343202,0.3752999489923648,0.37201773949807077,0.3700366173702929,0.35601993752306876,0.3463229892322628
58,0.40917817111706817,0.4085627088818362,0.40994281469463745,0.42107952897255335,0.4345065521189086,0.4336457568197535,0.4266857391468822,0.4404088862436514,0.4483514876030237,0.463398686891721,0.46020224695666045,0.4941651822007027,0.46701350064518965,0.47306814574810335,0.46661874536020126,0.4708021637313106,0.4708802353146624,0.4755932137417447,0.47328120274274293,0.4731810942562845,0.4852604345797912,0.47673303659721095,0.4666444753908782,0.4651855543409835,0.46067612810916103,0.45211884015432735,0.4637690727299845,0.4488047103160186,0.4409598685350432,0.4350707382496717,0.43422572432865336,0.43191030474590614,0.44436181949743636,0.4377628733183151,0.4470539553603578,0.43996512864558124,0.4432391011847354,0.44144386640756567,0.43137292332753946,0.434924295869342,0.4298995506511694,0.4206258204180199,0.4117236327615971,0.41686634334281536,0.4226302902271856,0.43346599599739216,0.43029831914825456,0.420911604506084,0.4143378436021205,0.41301028812292595,0.4158827858368939,0.44766301281636645,0.44437153137875346,0.4350953149586966,0.43547129948324415,0.440354390011195,0.4380850970609537,0.4419071111402706,0.4420852207203283,0.4377013081916234,0.43035910651738524,0.4339963879301424,0.44592387994244387,0.4366412104919442,0.4551843099471745,0.44465304466719235,0.4271237046194814,0.44203130368724486,0.4383298494316164,0.44108319741514096,0.4447329105557557,0.43298035917567024,0.434163283596546,0.44397852342949035,0.4450980811094354,0.44859333409144486,0.44772449759394983,0.4445741620365935,0.4352585436662882,0.42860230400118654,0.43082312389829064,0.4260253184257305,0.41341690964174427,0.4188021674303366,0.4166351697653122,0.4128278035080517,0.4002085016561244,0.3985985220474034,0.3958687991291398,0.3984190411057862,0.41286851779767286,0.4178969135531944,0.3796687117554276,0.37363617095274293,0.3700229697455539,0.3729767535953195,0.3683443228815214,0.3605535343741842,0.3516613836725859,0.35387184222157514
59,0.39411518279716184,0.4042723666662149,0.3978842774348077,0.41220158828137843,0.42709590243058654,0.4255660831048201,0.4270431905284199,0.4217746644810652,0.4315581332610218,0.447704613152997,0.45358332607919954,0.488209577868869,0.46439573050766836,0.46749974620355955,0.4630068613248202,0.46107225477923364,0.47476656810097984,0.48130018593143603,0.4861665253195975,0.4747280003814694,0.49172491417384356,0.4791239244660312,0.4574563435322029,0.44845561615590107,0.43438081642168636,0.43593449489727565,0.43880547037331075,0.43140241062058876,0.4345961956481634,0.43465426662604584,0.4403525181236076,0.43033711054685736,0.44253951049968293,0.44397171043300604,0.44544791001670514,0.43995976701011946,0.4334940945919518,0.43760287128813063,0.4317644571668292,0.41549668231182835,0.41792911904477803,0.41050815455844386,0.4135587150876544,0.4257718667442229,0.43144889273955067,0.4302752264409937,0.4362245398160983,0.44171523920753963,0.4234930888185003,0.43667251673340696,0.43091921067471617,0.4240687915850696,0.4243285641390382,0.4218782830564711,0.4332609066080384,0.430364525487777,0.4180143204742625,0.4356227452997964,0.43674009938899405,0.4375232784306672,0.4365520518966377,0.4381565956237371,0.4268267373504119,0.4406133793079429,0.4339713256807403,0.4247726620000472,0.4183255501574453,0.4191376939535684,0.4101590527152571,0.42028439317826055,0.420631211336906,0.424132587774541,0.42112221148676854,0.42646613480911943,0.43304202462497604,0.4307505037944708,0.4374029962406611,0.4400422100099648,0.44225234018324233,0.43980880297294206,0.4422213315559566,0.43603073762336225,0.4298424059027733,0.42368842001901014,0.4190273727228165,0.4197108171451793,0.41023772653703355,0.4154200410746466,0.401066665269294,0.4082572314325894,0.409923579428264,0.42867658248090246,0.41175041864530854,0.3849111439107778,0.3886134364158569,0.39329719255823964,0.3835085239696886,0.3760975068797322,0.37030110975460967,0.36744894077855206
60,0.38665604822224625,0.3942176823407177,0.39709396612907266,0.40790248617389846,0.41056565051029253,0.40723318395415903,0.4066637806001589,0.414422331882918,0.41510437978131925,0.4398814668158189,0.4644844769083312,0.491769348475035,0.4753558503740662,0.4702373101934044,0.4541303464726188,0.4587816374403017,0.47793384155030255,0.47417006730894984,0.4750836388800773,0.4684247267322377,0.47794170373082256,0.480690347096686,0.4717547173398884,0.46791882060605583,0.4438388181757006,0.4323170691723894,0.4334845421063631,0.43802756393634784,0.43550964453783336,0.43895147983629484,0.4487616559053991,0.44992579759262546,0.4423775730419224,0.4581559468835869,0.45962540332091967,0.4423937116471272,0.4387791097880039,0.4237572274912357,0.4280964301895446,0.4318206154381012,0.4264633546906444,0.4188339418570415,0.4171123276519588,0.4370429714063456,0.43938679157290844,0.4371791761530311,0.43882639446529476,0.45412005300463004,0.44793747822814733,0.4423325619491052,0.4302843393705416,0.4221243984694365,0.41293661500210643,0.42352310951445676,0.42695082920099053,0.42855065886459964,0.43136672973704115,0.42341201543377793,0.42356678623711536,0.4289233005641181,0.41930505167174276,0.4141376996971086,0.41279766286496306,0.4143398278141174,0.41692117539354084,0.4103137815994462,0.40805014049867555,0.4235524600288451,0.4253598241750746,0.43081929405246305,0.41689139594623353,0.406375355771071,0.4127151393641409,0.4298747952969181,0.42219205337729027,0.4366455325248292,0.4397490172636581,0.44171711616338855,0.4388348822622487,0.4294358121234679,0.44368726121996455,0.44072143202548864,0.44249583701654654,0.4452866700369914,0.43808424002515567,0.42942388408317445,0.4160557203949016,0.4195972880301289,0.41260563894723196,0.4147217438672248,0.41830110654182334,0.4360359327155862,0.43669091870428717,0.4335368940672207,0.4343305742441438,0.4063743819353089,0.3994116824175565,0.39597529535695797,0.3879931754027373,0.3818230419760787
61,0.3851456064865939,0.38507041421284705,0.3801655670877634,0.38497651662645077,0.3867966056216736,0.3901734400378684,0.4025577485726298,0.4128213947360142,0.42826319272471775,0.4414134392172559,0.451576088557645,0.4694096053068827,0.46017742647470017,0.4584883018082138,0.4594679392370305,0.47445480014978264,0.4601755683574297,0.46583004659156924,0.46999467835787667,0.4617065266843318,0.47091146525257244,0.4760125302138685,0.4619701533512248,0.4514276894195594,0.44094540479997496,0.43408148919658507,0.4352586024965927,0.43846110619385176,0.4389411576771113,0.44259374977645555,0.44534679537428784,0.4389463074312843,0.4401782614115233,0.44549676972407387,0.45046149960384785,0.4372251136531318,0.4372313994994408,0.4434631136440233,0.43287743873245055,0.42962147725315886,0.43099250698433317,0.4332466609082956,0.43336843625022414,0.4337792311695613,0.429507915572639,0.45238915805078106,0.4512119110885477,0.4313777588538006,0.4347425378666099,0.4239637602765342,0.4155895070206418,0.4275327172236398,0.421311160052523,0.4142264634416595,0.41774896569737796,0.41834706267459154,0.41423326099902497,0.4192570449899442,0.42727487847357537,0.41573706984980996,0.4153704677767437,0.40685250387696303,0.40540041150086686,0.4069520806715509,0.4130546661926748,0.405851158440751,0.4054019040729798,0.4190429634063445,0.41342707334349865,0.42048873481104054,0.4191156970530217,0.41932705499096845,0.4308137147012574,0.4332927207866516,0.42479694492723463,0.42916930041591317,0.4338366303492401,0.4303098092028956,0.43357234446275433,0.4289782471409945,0.44458949107156015,0.452649550717844,0.4445036610707358,0.45341914322057536,0.449389643399756,0.45038666809848815,0.44052215572628317,0.43283854984294245,0.42768578468730417,0.432802640447767,0.4399326208072711,0.4459371653996627,0.4416126337163595,0.42909354965819296,0.43275868969114806,0.4316188477785579,0.40404573625856705,0.40038811705301336,0.39277959845208354,0.38772479961284767
62,0.3737771627652726,0.37033122756449866,0.36512501001010034,0.3859790435895613,0.3941756551405926,0.38896118978257,0.3967481247382981,0.4163798019406689,0.42454153379762405,0.428975018837103,0.44132533783620154,0.48532479222248986,0.4720854772396642,0.47339480240098814,0.47376810533888475,0.460351499399975,0.4449886435071422,0.4497169574033694,0.4463111064527965,0.4368627461200454,0.4504975211407348,0.4563912437874363,0.45069742496396675,0.43403164461261473,0.43250461112126887,0.4365999426318118,0.4478571497069624,0.4433436668018498,0.4252157705130198,0.4317771872932873,0.43649515455045135,0.4390769341207458,0.44715164253157674,0.44535296235495847,0.43715390594759385,0.42642257067672307,0.44172597315738055,0.4534729189288541,0.4466389857308837,0.43990795827902607,0.43035910996319193,0.43183646446345364,0.4267637550160499,0.4643765340283667,0.4552342413635732,0.45139775132774407,0.44200633650476073,0.4297532514989622,0.42359654944652003,0.4189326936438321,0.4134496894090774,0.41600642369098734,0.40844744155532575,0.4178320203922535,0.4212879164908043,0.4226114981581882,0.41901415106480894,0.41573880938219065,0.4140778624723058,0.4160982511937445,0.4121760554295972,0.4149441870588018,0.40924296587092585,0.41274617813985787,0.4186193466747376,0.4295463150348367,0.4124480449341237,0.41989841222509794,0.4173791233672515,0.4170028029976245,0.42407655336872446,0.4152302758792859,0.42477924299026343,0.42851561338903255,0.42284615301648465,0.41869405918301883,0.43068733451239544,0.44478821459271733,0.4459139880719952,0.4442380985579887,0.4351049457132872,0.43428890848103546,0.4394447663408169,0.44963677146727093,0.44893501963917287,0.44082647652014934,0.4358915558417583,0.4530054582814966,0.43677857093156575,0.43775281035128066,0.44230110648414667,0.4503436019615715,0.4361621740865399,0.4220692674295932,0.4234214214247321,0.4298790357990289,0.4239191125157058,0.3995845923280786,0.3943735320661108,0.395186970457963
63,0.3519182902439739,0.36464840217340383,0.3680318150650535,0.39724140903258887,0.39123619496458534,0.39900755742210864,0.4051863354817879,0.4116605792781655,0.4124494115783585,0.43016854679072175,0.4431814316150874,0.4851328856247673,0.47708037735821046,0.4706970178178968,0.46318698247403217,0.44135691099162594,0.42021558721759644,0.42123574487340476,0.4193641600758266,0.4241619030949822,0.4434206509848294,0.4462008888500805,0.43796730805137174,0.43853307444590106,0.4287210313452484,0.4304627119723349,0.44065936701444647,0.44469003591276496,0.43714198686026384,0.4336355140324716,0.43793521388121254,0.4290172970718673,0.43353356445481356,0.43176541477166275,0.43058012566475273,0.4251808752150268,0.4334965434029263,0.43797683641067314,0.4385955345138346,0.4433344019384311,0.47450428604132605,0.46222567075349963,0.45409351172738044,0.4536225266007777,0.44340037248250885,0.4334193129524558,0.4187820271858156,0.4154299238739837,0.41622023061749813,0.4066114823023366,0.4144985809849124,0.41522380471090914,0.41166513106599834,0.41582577640961577,0.4087719308234572,0.41248779395424434,0.4036355645242167,0.40903482663435664,0.4058802389178603,0.41105857148693153,0.41313958771664544,0.41718887873165084,0.41533326076316,0.4236859159095057,0.4285066399455897,0.42813625214955575,0.42938432452969216,0.4262858435982108,0.4250181823803736,0.4299817157671775,0.42782558270878185,0.4193085980060283,0.4259134085608287,0.4241882055639634,0.4139011828207276,0.4214222457501815,0.4315174428804156,0.4379557606830802,0.4432905350478858,0.425523074679322,0.43380170873392326,0.4287523082664506,0.42162276690629225,0.43461480954086223,0.43878578275663743,0.43148467308781796,0.42747176500646783,0.4526174971265609,0.4493314031986064,0.4532518495804077,0.4452640116001829,0.4504199921034723,0.4474756713051012,0.4466377744476197,0.4334219820150759,0.42675078018899915,0.4177161153741688,0.4174083292995721,0.42067168493682083,0.39376175562162935
64,0.3587263955292008,0.3640556608014682,0.37887365181514043,0.39337169710818365,0.39256238946045585,0.4028254862552207,0.3983435509461488,0.4076562604236691,0.4209808831243565,0.4419613966457421,0.45647433595941755,0.4809426785354561,0.4842510156110594,0.4627326257607568,0.43876304456584664,0.43912139886209245,0.42370538939779034,0.42950750861878995,0.4234768027093576,0.41894726546355593,0.4317793484011605,0.4441361281513513,0.44352564821326457,0.43980238585198034,0.44077336530416555,0.43873625993864657,0.43927395069690656,0.42784396916821565,0.4355733810938714,0.4249452613970782,0.4246329712589384,0.4306722306578666,0.42551376932724133,0.429106021505921,0.44063621525952307,0.43231862789286113,0.43087089535039674,0.4666705940327252,0.45682148906473485,0.4639517146199562,0.45645232289126986,0.4389394967671443,0.42888472369179104,0.42152094766685344,0.4301345428227046,0.4122378976363629,0.4069033635337521,0.4118228527857707,0.4183547213331324,0.40501636468859953,0.3998511866301846,0.3936815753117533,0.40184138854273166,0.4053220874945219,0.40716998129200305,0.402048372424186,0.4046775169120889,0.41955574907372845,0.40936646069080446,0.4111141155379063,0.412512320211594,0.4079610197087459,0.4139372309212644,0.4197661390920742,0.43364224289415276,0.4307265373162558,0.4285513404531392,0.43360278574274763,0.42652408022491284,0.42761666615348315,0.4256279494980136,0.4237954633033502,0.42711341553482196,0.4450205638887692,0.4374800758010828,0.4339386880138838,0.432358921915033,0.44242594730122203,0.44248979883647616,0.4334087389172569,0.44793146479837836,0.44393729743777516,0.4389428876580734,0.43648771612896653,0.4418963359505925,0.4363191615792881,0.4311245706021852,0.43332963817357806,0.4374272612590338,0.44063109584168303,0.4484599186106507,0.46315550501569824,0.45255987449178664,0.4461546519989806,0.4243848910334608,0.43465616282873054,0.42271835735438995,0.4126512080369668,0.40837382763728103,0.40519570606274463
65,0.3716621125196606,0.37492354798717864,0.3898174776725568,0.38329463827453525,0.3864283042793963,0.4017796108127577,0.4109381837063007,0.40688581044351646,0.4179597696717777,0.4342509164072541,0.456833610156587,0.48433987394222394,0.47887737017682847,0.4641292839149678,0.44161548046692256,0.4438468156269639,0.41928481519776867,0.42667549668766974,0.4325968863984505,0.44453764686936936,0.44601504752023785,0.44552655359867904,0.4340151107852968,0.4287036579609411,0.42391904208599007,0.4177919909624319,0.42528264135541,0.42092580899416265,0.4152620422623372,0.4104507003841662,0.4295830790644909,0.42823244370842006,0.4292002586005383,0.43844925071589264,0.4266779318367533,0.4419310895326823,0.4451374328884649,0.44788086788836856,0.4451952906737506,0.4476233771158087,0.44808897711458595,0.43026224733660023,0.4225952193696473,0.42439795291317217,0.4206414651785589,0.4162302233297479,0.40855909742053886,0.4040734305728943,0.3936211945623465,0.4006486575703307,0.40262390351062355,0.4041961350416793,0.4049373469802409,0.4045235266781356,0.4060085566047767,0.41387911572734476,0.41406196403361656,0.4091781400703025,0.406381543052457,0.4066936924469037,0.41122537575241114,0.4036594189963011,0.4102929952198492,0.41477252775193046,0.4143047538980463,0.41585176240298716,0.42653280663059145,0.42769217460379005,0.42261536647780096,0.42643417588556976,0.4242031656131632,0.420623630447263,0.4342525021392199,0.44429299497607866,0.4298831696973998,0.43241586697266243,0.446014181820883,0.4494066791653873,0.44695686819578595,0.44945753926722726,0.44444141797967657,0.42522754675245233,0.42175978525814894,0.42574969606906676,0.4390904557779236,0.44542220769626095,0.43785314850529944,0.44857676718610984,0.42459472725703923,0.4347497763739587,0.4455725318133332,0.4470145515569463,0.4385705368856349,0.435099759865164,0.4381296241262094,0.43443947462960364,0.4257339680269005,0.4272895346611107,0.4208974720563186,0.42142532981420083
66,0.36550631730531963,0.3733961838058279,0.3689025882982666,0.3795924286809179,0.38656589745618686,0.40745564847732163,0.4076266276687548,0.4069615597613869,0.42105757833522117,0.4413662155575788,0.4541328247427996,0.48452704302275673,0.4496740310677728,0.44239834754498586,0.42326488932672823,0.41605201383094104,0.40882186889707955,0.4275453868819435,0.4377338822173946,0.43280833707683575,0.4361144249053704,0.4354367731776908,0.41646314108405796,0.4140261742796819,0.41944169895409417,0.42786197887702154,0.4338126104170611,0.42795058474913233,0.4200365108200618,0.40831189019328795,0.41571354332875327,0.4179427577045056,0.4287336321031,0.45528044817756763,0.45408421920155334,0.43433436700240635,0.4384799495704039,0.4330375766964296,0.43427394447507045,0.4321748104782393,0.42858937410414216,0.42305323138601963,0.4209186332815825,0.4174151922552096,0.407343045257011,0.40525509005804433,0.4028953487198004,0.40593071270794123,0.4032894304878295,0.3956727639087586,0.4043253219958032,0.40565085367071785,0.40147635381376334,0.40985444192881637,0.40514659170335987,0.3959133253558182,0.39393917812931406,0.4010525070338238,0.4003537098184179,0.4080041837936972,0.41865250576428,0.415619473877694,0.41497892803425734,0.4086495406370016,0.41121884869249836,0.4024460951027051,0.41758081613426307,0.41697890462048576,0.4168607019205691,0.4254168502062342,0.4334212606948055,0.4169869008011557,0.4330650373742664,0.4295261587763354,0.4387666779390317,0.4426395006335202,0.4445147880329931,0.4469152721656479,0.4452394064634424,0.4352706039614232,0.43571436772530675,0.4246338720967442,0.4194681127876608,0.43184543629116123,0.4359790176219677,0.42722194979922623,0.41477559788288276,0.4230054813586319,0.4271887388384109,0.42745448897825783,0.43431320329240275,0.4451725071536273,0.43144246949777837,0.43126229742482863,0.43252226991006787,0.4422987491402705,0.4300876468698234,0.43601570324671485,0.42388006035962417,0.4165701770825664
67,0.3618311584465066,0.3762858644697548,0.3791876031688231,0.390537348171205,0.4093326332239888,0.4103682733033892,0.39765276718597165,0.4042930883080416,0.4079258978338242,0.41701172337913633,0.4264383386511622,0.45080242150521377,0.4433569445178882,0.4309593776812318,0.4187892332567892,0.41854676112934974,0.41463958015223484,0.4391652162608165,0.43912358525471495,0.441423433517689,0.44118673458762264,0.43446006140574106,0.43679691689706435,0.4177863790079459,0.43471181842108203,0.424255316052358,0.4255999465402176,0.42422763041766814,0.409680606778703,0.4105711007860502,0.4464863958131465,0.4446896288286814,0.4500104493497395,0.45539612307494154,0.45532464596533584,0.44927570287617774,0.4330920508816556,0.4366442738559361,0.4156681937670337,0.4104674689808031,0.4193783110849136,0.4172175247552145,0.4237159341762609,0.42164210868774127,0.41845390457542625,0.41523819450314714,0.4175199426769873,0.41592135849663836,0.410387022611111,0.4030394053355172,0.41034943184731376,0.3960159898460344,0.39843849184887764,0.3942537665849728,0.3928848041305473,0.39607977727384847,0.39016192527672233,0.40098559879186624,0.399388735945038,0.41347789648984706,0.4139324095082987,0.40589306550184423,0.4070086241536287,0.39864703662959466,0.3984551536386724,0.4017296459118015,0.40551052310976093,0.41790084228683005,0.4146542980442023,0.42405942001545144,0.43177473933225946,0.4278693516885073,0.4334495216422444,0.4248485719832324,0.4209069186025966,0.4223441750197335,0.42167986267300506,0.4365034422609491,0.44191331934457473,0.43695627525516456,0.43678071438199056,0.418346995623181,0.42213023490865986,0.4347706864736434,0.44057265011014296,0.4281941818532854,0.41524525318708777,0.42221660387839155,0.4229351069770607,0.42344978849555237,0.44247109751310826,0.4574942222424402,0.45289721315602577,0.4442256864204981,0.4397567678116036,0.43735874067368935,0.4236892947348446,0.4273953135771183,0.42006591440760094,0.41874833770964504
68,0.38303093596401105,0.38472049426993976,0.38896792859427076,0.39356193459635774,0.3856897280371016,0.3933831613307638,0.39829884461344955,0.4079666642465098,0.405566152300608,0.40766208237022333,0.41421452286617344,0.4517244161340497,0.44565393573840206,0.42991496873981344,0.43006552911990753,0.4081406057490483,0.4077132946863318,0.4279611579860992,0.4305929888495528,0.4281277516623567,0.4390062220213703,0.42376193939476714,0.433792474453359,0.4155185464727854,0.4108505502829396,0.4092155778618012,0.4151591742135775,0.438656155078382,0.4367541338130552,0.44099790845744263,0.44521773270357806,0.45615886736312466,0.45182183687999955,0.44248063912118574,0.4485867235834985,0.44072714152154335,0.4414150277481863,0.42367874253684595,0.4145603506992482,0.4056039791468479,0.4265791867256281,0.42358584767947877,0.4199412922029097,0.4225086963073438,0.4284191411792278,0.4107667733876569,0.407425837298699,0.39771278980776625,0.39632426218349737,0.39013428609520967,0.39365711708954315,0.3926620921629312,0.3971816364830792,0.39840165870252414,0.4037528637782228,0.4073651567481801,0.4042716513489351,0.4149150535173369,0.4076192453372329,0.40796403364732153,0.4126124522393802,0.4065091105583305,0.40527390037717226,0.4063957494057239,0.39863985165771015,0.41451871768044046,0.40963713993697637,0.41035829059282086,0.41209767414641657,0.4174762909896939,0.42533958393685545,0.4233387030619439,0.4355818923291291,0.431031851360085,0.42721025003869884,0.42736932028370195,0.4311181350216677,0.4308735061293593,0.4342715424976188,0.43422815100970324,0.42868740867229144,0.4270397598074357,0.4311651483634729,0.42556673724518757,0.4274862275828784,0.42972215069834246,0.4205915130361571,0.4241573299806028,0.4177607959436035,0.42434305145174894,0.42186831105075456,0.4339398396954544,0.439108061993019,0.43859750291346394,0.43365520640346744,0.43133110525879,0.4205519555914857,0.42481541149238344,0.42288272266421434,0.42106913370532384
69,0.3820718743421386,0.3843017148192791,0.3777909599841494,0.3803556868578973,0.3819607924890151,0.39000762324100624,0.37855413234698354,0.3781826160164681,0.3989006584535069,0.411691515630426,0.4030787245025897,0.4362898437457869,0.42199670208159695,0.4245779304305351,0.41682712345844436,0.4150012236723551,0.4036082700009523,0.4233917337128755,0.428048057061384,0.41707789182447474,0.41985485696632396,0.4189460088938257,0.42387680782078374,0.4079179631568032,0.4104101870081505,0.4403042283249143,0.44639270328520514,0.4486637896749868,0.45525423983341773,0.4534572618239651,0.4560269869008381,0.45074625909861143,0.45661500814399936,0.4387611422356853,0.4504875855251778,0.42760930380119694,0.4343432291479853,0.4282347117636896,0.4220919849125399,0.4245715313916489,0.4202840070480504,0.41732887447034994,0.4169773126170182,0.4120013709289837,0.4119307478663012,0.39830889714865386,0.3953542954337866,0.3992127582942831,0.40696072009515466,0.3984572835352227,0.396742572779138,0.408412959480714,0.4113679318324101,0.406866561287392,0.41158482220058834,0.4204780017158329,0.41322805999892853,0.42107630637359716,0.40964725721946205,0.4105123328837812,0.412472177483276,0.4100107909798419,0.4104335697062741,0.4092588463810605,0.42000777823397656,0.42717401977116515,0.41432042543079406,0.41573088835144084,0.41572629865837163,0.4201871960287731,0.43187086452951123,0.43094284734430816,0.43099980575249514,0.4352114454624093,0.42864365520571185,0.4305182643807914,0.43687926318096926,0.44072825923586934,0.4316418997920592,0.4263562433701587,0.4381918837617021,0.42827961478417764,0.4218844056606876,0.43315286163684164,0.4320604162298496,0.43241824995386263,0.4244516053568507,0.4328562053898066,0.42151126991150706,0.42285413938096816,0.43057946245315726,0.4438164757536533,0.4323798767652895,0.4262095430752346,0.43622642349792745,0.44461966789297,0.4384615958836905,0.4294526554533039,0.4187315139036839,0.40783288230847264
70,0.3654955373247869,0.36302792448137416,0.35517003185578566,0.36427428010590746,0.3663689513172219,0.36732895860722775,0.3782528453789405,0.38182057169089206,0.39388384094601314,0.3935864916377349,0.39678126815466846,0.44259169049786284,0.423863051695693,0.4221063426979892,0.426328239462425,0.41223408373277576,0.40602283982247067,0.4292170673846256,0.4325074059805266,0.42428356576508414,0.4425921129085716,0.43046324223815585,0.4595924965049763,0.46250873895667255,0.45522423091178693,0.4605501772797636,0.45770952868592074,0.46070508615871836,0.4495961309503579,0.45093709460171294,0.4546231098797616,0.44843914596343754,0.4504668968567147,0.45006249303594614,0.4494738325816124,0.44008281788074627,0.4403236188292411,0.4352534839910767,0.4325693341827774,0.4254190171492485,0.4271803164538367,0.42181129560900316,0.42698789029413736,0.40977500277002066,0.4080962221845746,0.4087136494077088,0.41786673149146436,0.4051243230150325,0.4132026666220652,0.4090704234898039,0.4212305424171717,0.42725385237720226,0.42931535710892826,0.4158003002577621,0.4254978742424392,0.426164685814796,0.4186392915331073,0.4224076995959471,0.4122435351214815,0.4180379142736841,0.41937982271473045,0.42328553468703506,0.4236241247198718,0.4175850188768564,0.43429942320907583,0.4335631241285655,0.4306557611738722,0.42889550070090166,0.4354976549112959,0.433306745395921,0.4308843183795128,0.435664810657211,0.4317777141452599,0.42572678669169167,0.42956164938371094,0.4310850733790399,0.4307066451660741,0.420860142843775,0.4171940417346398,0.4358190399433528,0.4409285920942792,0.43079088064154625,0.4283185308944258,0.4373627691188935,0.4294304274848173,0.42281712606485794,0.4225708008430028,0.42960021163039114,0.42453729206547386,0.42990137509650916,0.4335715717268865,0.4482948476253889,0.42870804953180686,0.42806585506315986,0.4316794254942311,0.44005292614657326,0.4344553983837963,0.4247515942847197,0.4115314917791642,0.40464685334556105
71,0.3480344059882667,0.33913558373401725,0.33870885028711034,0.3463866122740371,0.3569229769955043,0.3753863224049867,0.3781730113781467,0.3854851206887279,0.3931051418946437,0.4070286398147695,0.4212563055392815,0.4464524249568929,0.4386127196476194,0.418530037356336,0.4104181246349779,0.4529011315043116,0.44792382212498255,0.4604955898058992,0.46394091197810305,0.45408775854130723,0.46608693304189786,0.4674306460193832,0.4701199448725855,0.45529018442201713,0.4540452793718272,0.46399732346609335,0.46705288509584303,0.4534396891637852,0.4528466097602973,0.45609109779206836,0.45438230113325023,0.44675579664293547,0.44859120191844554,0.44280423813738035,0.44270834941861115,0.430974732320211,0.43018323986105256,0.4323370199242879,0.4362818181577297,0.4333482372501316,0.43730366600035697,0.42246131410706955,0.4246286339674592,0.4205700831138168,0.42547140767311953,0.4243701982716142,0.42383206490065933,0.4240021431587498,0.43350848223884614,0.42963221536530694,0.439726326892112,0.44012091056321045,0.43038272025298385,0.4302587631799574,0.42585521504342333,0.42842702976364816,0.42552633476541435,0.42908395656588616,0.4251545862684304,0.43429473413405584,0.4243338370328418,0.4189781047657394,0.4238065891278222,0.428256664911391,0.43197459101939367,0.43219140069193657,0.42710051001466315,0.434627203062766,0.4355790253327106,0.4278410496141884,0.4278986295948336,0.43050881154224957,0.4303047195081987,0.4224553877021809,0.42105987918714444,0.41612656044842494,0.42053958062284125,0.42389973364409533,0.42849708463464015,0.4268091466931507,0.4299176316981851,0.42708497156192876,0.4192476797360975,0.4252842491094983,0.4146325200564312,0.42544147184267755,0.4183983039844296,0.4261616050324434,0.42788032698822875,0.4321999485587025,0.43902800627949906,0.43594880069542624,0.42543961704754585,0.4238123955554174,0.4284148485090288,0.433377055892057,0.42888765048462946,0.42176818918504727,0.41123410540880784,0.4115385572382443
72,0.33274826161599963,0.33505510752933226,0.345229697245992,0.3400174279126078,0.3677531449648288,0.3831275348007716,0.3960676523905816,0.39377533387077357,0.40875536461323075,0.4190008353874592,0.4179739811138042,0.4703179171184355,0.45598010988114823,0.4458971168401225,0.4364423730723226,0.44567026029435797,0.4604414607126525,0.46341523795344114,0.47127456077440677,0.4651629088633183,0.47867419896569,0.4738829822461839,0.46684272150018474,0.4580796688500479,0.4599348907774298,0.4590742766734937,0.4631890642442335,0.45620715812642954,0.4480365585088096,0.4605969746760153,0.45136219977209047,0.44061687545944567,0.44912936322771907,0.4420760109770204,0.439876335119845,0.44972830487976245,0.451609913084546,0.45092493120426447,0.4464858843721371,0.4340800516281015,0.4358071837345322,0.42677115531812465,0.42206589345429,0.43917897173036957,0.442136726184817,0.4554274864393809,0.4536441286533171,0.44927850391444274,0.44710067196283193,0.4475883978212443,0.44718706259100294,0.4479460722612827,0.4409283570649288,0.44326393579258716,0.43964469706590326,0.4320272703576844,0.4286206923014509,0.43712237517124625,0.4274393943417017,0.42503520702257397,0.41556017715372895,0.41076039273727477,0.4163012187314317,0.4259088616713313,0.44277651176693994,0.4391312173030798,0.4302428299866238,0.42304881099841823,0.4236724218006142,0.4202640160740452,0.42281031565160593,0.4181593713158785,0.41849479555097135,0.41446238062780705,0.41136017894860105,0.4160202500557579,0.4183086509578653,0.4145939995765356,0.42241131717573843,0.42329498426703627,0.4272492081470298,0.4210511205025774,0.4176623302873682,0.42352370647824544,0.4233729697841136,0.42570680916270504,0.4179005899571571,0.4359842042461761,0.42651271423152465,0.42999073378089847,0.42137089043598186,0.4372040108066949,0.4335611249448599,0.43169597672810806,0.4211471358013347,0.430396950902697,0.42129059538546015,0.4138929672286587,0.4096732373001389,0.41953613239933496
73,0.34527300171772635,0.34094959779293077,0.34481423787567866,0.35962856002898963,0.363491122965869,0.38412623763883,0.41563842399805656,0.4174182378243083,0.4299649293745824,0.4349247953917808,0.4369340596160719,0.4621651569172874,0.4495290987511765,0.4505564256657768,0.4452052365225332,0.4444581861475862,0.4449308004935054,0.4664703940691079,0.4737048332770882,0.47180681144594744,0.47552479336825626,0.45965728145790674,0.4668903082567608,0.4516230984284653,0.4509075734587215,0.469617524426845,0.4691961620245286,0.47426321529884347,0.45650552147857304,0.46041675778629476,0.46600506456145785,0.4658741979140876,0.4612870498233071,0.4585714279416865,0.463883921960386,0.45961253226666854,0.4698685854644571,0.46314157514698473,0.4529922328484964,0.4579743260858551,0.45828875058224705,0.4471638836338386,0.44268244054948475,0.4616718856981864,0.4607111792781859,0.4496782502958936,0.4483526704073262,0.4409017658914236,0.4465039897617901,0.45553266895857775,0.4499990957311193,0.43737675647264607,0.43657486760483205,0.4388089479522675,0.44395337176973704,0.4335431837812802,0.4342603051163114,0.43349563206494857,0.42914564240328307,0.4201477366451326,0.4153010295706947,0.41161133064504063,0.40708433823382895,0.42111221799800563,0.4294595765332612,0.4251624597182488,0.4047141965139756,0.40350751602577606,0.4009021261534414,0.41334510160892196,0.4240994995811576,0.41644529925028007,0.42297146536481567,0.42518106425955643,0.41836928008378593,0.41572995390207473,0.41178294297639184,0.4207269170303799,0.4176927822587682,0.41728810399313704,0.4208647668320459,0.4188801854234788,0.42266359823551763,0.4286314389926418,0.4236886430595618,0.4244343675814086,0.42370393652812893,0.4298726761158399,0.4261952885059438,0.4359306500513757,0.4359186190785117,0.445651851984595,0.44204773619274745,0.4341487733521214,0.42349960334724235,0.4352913755106821,0.42401258168619316,0.42714006221168,0.41964578100136024,0.41443909599547946
74,0.3581106147303532,0.35066827334893313,0.3594105372675359,0.38169513357962975,0.39906856617315684,0.4045026017754135,0.426972292787876,0.4228035234383951,0.41815195305215125,0.4365271140387163,0.43459830212412665,0.47449107452560074,0.4619496757559491,0.45282488573184027,0.4510950628923567,0.4512977038128612,0.4567835415058691,0.4849667764892265,0.4926385307008733,0.4775733812645873,0.46659925421711856,0.47116590189438734,0.473938844350177,0.4527632061662379,0.4623072026478625,0.4709720760345916,0.46916781258688484,0.46679169651097546,0.4653339834287309,0.4594337113677474,0.465900104983665,0.4714313868830281,0.47882945911939473,0.47264017653997437,0.4724865303571867,0.4676290488774307,0.47589730760344395,0.48224181788049875,0.4797475990088215,0.46455766585632785,0.4617249895920997,0.4580249296181391,0.4541993023099137,0.45695485687332166,0.45157849011322054,0.44908035154331394,0.4562829488059875,0.4576847643737847,0.4461888120656176,0.4558073014645616,0.46056713511961456,0.4608774482906019,0.46030785227386006,0.45230683971906643,0.44864240625087,0.4376213988531686,0.4333270727053373,0.43984456093411983,0.42588175889586205,0.4343188350062667,0.4277656436135823,0.4157371646490972,0.4060201822321093,0.424214909838535,0.4272091824605439,0.42194881121553207,0.40941263846059145,0.40611608271174915,0.4036795519633136,0.4142067138217095,0.4186452715740897,0.41847771374587256,0.4158120003865886,0.41397201435847625,0.4116800446899961,0.4110931257806398,0.41802282979286143,0.4197733643367587,0.42143475047892914,0.42561743370160565,0.4291360413248129,0.431527615078543,0.4243095046459976,0.4273818776147629,0.4214109299498169,0.41381858494077206,0.41932195476950324,0.4324125340920425,0.4192805691546708,0.424842568705693,0.43080779281361764,0.4399135977466679,0.432622222783406,0.4282235550873325,0.42404961428738336,0.4310595564034691,0.419530508739631,0.41328113879572176,0.4152574271644898,0.40513074971162594
